subject,lineup_id,order,shape,n,x_dist,e_sigma,rep
1,303,6,1,50,even_discrete,4,1
2,427,8,1,50,even_discrete,2,3
3,443,14,3,50,normal,2,3
4,488,7,1,50,lognormal,1,2
5,520,14,1,50,lognormal,0.5,1
6,548,14,1,50,normal,4,2
7,501,2,1,50,normal,1,2
8,382,8,3,50,lognormal,1,3
9,403,12,3,100,lognormal,1,3
10,288,1,3,50,lognormal,0.5,2
11,335,16,2,50,normal,1,3
12,373,12,3,300,normal,4,2
13,306,5,1,300,normal,2,3
14,181,8,4,50,lognormal,1,1
15,447,3,1,100,uniform,0.5,1
16,464,8,2,100,lognormal,1,1
17,149,7,3,100,even_discrete,2,3
18,499,4,2,300,uniform,4,2
19,569,8,4,300,normal,2,1
20,482,3,4,100,lognormal,2,2
21,186,10,2,50,uniform,4,1
22,472,18,2,50,uniform,2,2
23,135,2,2,300,normal,1,3
24,351,4,3,50,lognormal,4,1
25,16,14,3,50,normal,2,2
26,111,6,1,100,lognormal,1,1
27,148,12,2,50,lognormal,2,3
28,39,17,3,100,uniform,2,2
29,565,10,2,50,uniform,1,3
30,551,2,3,100,lognormal,2,3
31,285,17,2,300,uniform,0.5,3
32,91,1,4,50,even_discrete,2,1
33,386,5,1,100,normal,0.5,1
34,405,9,2,50,even_discrete,2,1
35,313,3,4,100,lognormal,1,3
36,223,13,3,300,even_discrete,1,3
37,368,10,3,300,lognormal,0.5,1
38,301,6,3,100,uniform,4,1
39,540,20,4,100,lognormal,0.5,2
40,106,5,1,50,uniform,2,1
41,330,12,1,100,uniform,0.5,3
42,346,20,4,50,normal,2,1
43,279,17,4,100,normal,4,1
44,365,17,4,300,uniform,0.5,2
45,191,1,3,100,uniform,1,2
46,17,19,3,300,lognormal,2,2
47,62,7,4,50,even_discrete,0.5,2
48,493,8,3,300,normal,2,2
49,395,7,2,100,uniform,1,3
50,289,3,2,300,even_discrete,1,3
51,281,18,3,50,even_discrete,2,1
52,538,17,2,300,even_discrete,2,1
53,401,19,4,300,even_discrete,1,3
54,244,6,2,50,even_discrete,4,3
55,48,20,2,100,normal,0.5,2
56,98,19,4,50,uniform,4,2
57,265,15,1,100,normal,0.5,2
58,342,7,4,100,uniform,2,2
59,1,1,2,300,lognormal,4,3
60,183,3,1,50,uniform,2,2
61,546,4,3,50,normal,1,1
62,302,20,2,50,even_discrete,2,2
63,11,9,1,100,normal,1,2
64,128,11,1,300,lognormal,0.5,3
65,23,11,3,300,normal,0.5,1
66,78,12,3,100,uniform,2,1
67,571,4,1,300,lognormal,4,3
68,485,15,2,100,even_discrete,0.5,3
69,452,6,1,100,even_discrete,0.5,2
70,406,4,2,300,normal,4,3
71,55,18,2,50,lognormal,1,3
72,398,15,3,100,normal,1,2
73,67,12,3,300,normal,0.5,3
74,291,17,3,300,normal,1,2
75,196,2,4,300,uniform,0.5,1
76,256,3,2,100,uniform,1,2
77,15,1,2,300,uniform,2,2
78,234,2,4,300,even_discrete,2,2
79,133,1,1,50,lognormal,4,3
80,63,9,4,300,even_discrete,0.5,1
81,554,1,1,50,even_discrete,2,2
82,318,18,3,50,uniform,1,3
83,574,18,1,300,uniform,1,1
84,383,19,2,300,normal,1,2
85,426,8,3,50,lognormal,2,3
86,231,20,1,300,uniform,4,2
87,77,18,3,100,even_discrete,1,3
88,515,10,4,50,normal,1,1
89,210,7,1,100,uniform,2,2
90,177,14,2,100,even_discrete,4,1
91,147,8,1,300,lognormal,0.5,2
92,364,16,3,100,normal,1,3
93,430,20,3,100,lognormal,0.5,2
94,531,11,1,100,lognormal,1,2
95,32,1,3,300,even_discrete,0.5,2
96,202,10,4,300,uniform,4,3
97,449,12,3,300,even_discrete,0.5,1
98,88,20,3,100,uniform,2,3
99,465,12,2,100,uniform,4,3
100,241,20,1,100,lognormal,1,3
101,141,8,3,300,uniform,2,2
102,385,15,3,100,normal,4,3
103,337,19,2,50,normal,2,2
104,388,3,4,50,normal,2,3
105,327,18,4,300,normal,1,1
106,194,19,3,300,lognormal,0.5,2
107,110,14,2,300,uniform,0.5,1
108,35,12,4,300,lognormal,1,3
109,474,13,1,50,uniform,1,3
110,42,13,4,50,uniform,1,2
111,94,11,3,300,even_discrete,4,2
112,27,8,3,50,even_discrete,4,1
113,487,17,2,100,lognormal,4,2
114,453,5,4,300,uniform,2,1
115,505,13,2,300,uniform,0.5,2
116,60,12,1,100,lognormal,0.5,2
117,349,12,4,300,normal,4,1
118,145,3,1,100,even_discrete,4,2
119,366,19,1,100,normal,1,1
120,536,17,1,50,normal,2,3
121,104,14,4,100,lognormal,2,3
122,476,5,3,50,even_discrete,2,3
123,59,9,2,50,even_discrete,4,1
124,418,7,1,300,normal,0.5,1
125,284,7,2,100,even_discrete,1,1
126,192,13,3,300,normal,2,1
127,374,15,4,300,even_discrete,1,2
128,195,9,3,300,uniform,2,1
129,460,16,3,300,even_discrete,4,3
130,298,17,1,300,normal,1,1
131,253,13,2,50,uniform,4,2
132,367,4,2,50,normal,2,1
133,277,18,4,50,lognormal,4,3
134,310,6,3,100,even_discrete,4,3
135,214,14,4,50,lognormal,1,3
136,139,17,2,300,normal,1,1
137,10,3,4,300,even_discrete,1,1
138,151,3,4,100,even_discrete,1,3
139,432,19,2,300,uniform,4,3
140,334,11,4,50,lognormal,2,3
141,242,11,4,100,uniform,2,1
142,526,19,1,300,lognormal,2,2
143,466,13,1,50,normal,2,1
144,462,1,3,100,lognormal,2,2
145,43,17,3,50,normal,4,3
146,428,16,4,50,uniform,4,3
147,44,16,1,300,even_discrete,4,1
148,96,19,3,50,even_discrete,2,2
149,204,16,3,100,normal,4,1
150,524,19,4,100,even_discrete,0.5,3
151,200,3,1,50,uniform,0.5,2
152,336,2,1,50,lognormal,0.5,2
153,173,18,1,100,lognormal,2,3
154,525,19,2,100,uniform,4,1
155,233,1,2,50,even_discrete,4,2
156,380,6,1,300,normal,1,2
157,21,5,3,50,even_discrete,1,3
158,437,1,2,100,lognormal,1,2
159,85,11,1,300,uniform,2,1
160,226,18,4,300,normal,0.5,3
1,419,15,4,100,normal,1,1
2,176,15,2,100,normal,1,1
3,379,5,1,300,uniform,0.5,2
4,63,3,4,300,even_discrete,0.5,1
5,499,20,2,300,uniform,4,2
6,78,7,3,100,uniform,2,1
7,155,18,2,100,lognormal,0.5,2
8,499,9,2,300,uniform,4,2
9,244,16,2,50,even_discrete,4,3
10,79,12,1,100,even_discrete,4,1
11,5,12,1,100,uniform,0.5,2
12,565,9,2,50,uniform,1,3
13,95,16,4,50,lognormal,1,2
14,83,9,3,100,uniform,0.5,2
15,68,18,3,300,normal,1,3
16,483,7,1,50,uniform,2,3
17,1,12,2,300,lognormal,4,3
18,520,20,1,50,lognormal,0.5,1
19,425,19,3,50,lognormal,0.5,1
20,418,12,1,300,normal,0.5,1
21,250,20,3,100,even_discrete,2,1
22,539,6,1,300,even_discrete,1,2
23,29,10,3,50,uniform,4,3
24,142,9,4,100,uniform,1,3
25,525,18,2,100,uniform,4,1
26,331,5,3,50,normal,0.5,3
27,161,15,4,100,uniform,4,3
28,133,16,1,50,lognormal,4,3
29,71,3,4,100,even_discrete,4,3
30,515,16,4,50,normal,1,1
31,181,6,4,50,lognormal,1,1
32,404,8,2,300,uniform,1,3
33,290,4,2,300,uniform,2,3
34,194,8,3,300,lognormal,0.5,2
35,85,16,1,300,uniform,2,1
36,57,14,4,50,lognormal,4,1
37,367,14,2,50,normal,2,1
38,82,12,2,300,lognormal,1,1
39,16,7,3,50,normal,2,2
40,179,19,2,300,lognormal,0.5,1
41,340,20,3,50,lognormal,2,1
42,354,16,3,300,uniform,4,3
43,107,4,1,300,lognormal,1,3
44,109,16,1,100,lognormal,2,2
45,262,14,1,300,lognormal,2,3
46,317,14,2,50,even_discrete,0.5,2
47,109,16,1,100,lognormal,2,2
48,437,20,2,100,lognormal,1,2
49,262,11,1,300,lognormal,2,3
50,277,6,4,50,lognormal,4,3
51,299,4,2,100,lognormal,0.5,3
52,515,13,4,50,normal,1,1
53,447,9,1,100,uniform,0.5,1
54,170,16,1,300,lognormal,1,2
55,271,7,3,50,even_discrete,4,3
56,462,9,3,100,lognormal,2,2
57,469,3,2,50,uniform,1,1
58,317,3,2,50,even_discrete,0.5,2
59,172,10,1,100,normal,0.5,3
60,63,5,4,300,even_discrete,0.5,1
61,399,1,4,100,lognormal,0.5,1
62,574,11,1,300,uniform,1,1
63,32,5,3,300,even_discrete,0.5,2
64,260,14,4,50,normal,1,2
65,148,20,2,50,lognormal,2,3
66,222,20,4,50,even_discrete,1,1
67,20,14,2,50,even_discrete,1,2
68,42,17,4,50,uniform,1,2
69,382,18,3,50,lognormal,1,3
70,474,1,1,50,uniform,1,3
71,41,1,4,100,uniform,0.5,2
72,537,6,4,300,uniform,0.5,3
73,26,1,1,50,even_discrete,2,1
74,56,7,1,50,lognormal,4,2
75,96,11,3,50,even_discrete,2,2
76,338,18,3,300,even_discrete,2,3
77,398,17,3,100,normal,1,2
78,409,20,3,100,lognormal,1,1
79,208,9,4,100,even_discrete,2,3
80,274,11,2,100,lognormal,4,3
81,313,4,4,100,lognormal,1,3
82,458,7,1,300,normal,4,2
83,311,15,4,50,lognormal,0.5,3
84,399,13,4,100,lognormal,0.5,1
85,46,11,2,100,even_discrete,4,3
86,403,15,3,100,lognormal,1,3
87,496,2,4,50,lognormal,2,1
88,255,8,2,300,even_discrete,0.5,2
89,401,20,4,300,even_discrete,1,3
90,283,18,4,50,uniform,2,1
91,320,1,2,100,normal,2,3
92,247,4,1,50,uniform,4,1
93,108,13,2,50,uniform,4,3
94,141,10,3,300,uniform,2,2
95,123,14,1,100,normal,2,3
96,126,3,3,100,normal,0.5,3
97,346,14,4,50,normal,2,1
98,414,9,2,300,even_discrete,0.5,3
99,189,3,3,300,lognormal,0.5,3
100,542,7,4,50,even_discrete,2,3
101,40,4,1,50,normal,4,3
102,474,3,1,50,uniform,1,3
103,301,8,3,100,uniform,4,1
104,504,4,3,100,lognormal,4,2
105,361,12,2,100,uniform,4,2
106,307,3,4,50,normal,2,2
107,362,10,4,50,lognormal,2,2
108,12,19,2,100,even_discrete,2,3
109,460,20,3,300,even_discrete,4,3
110,434,18,3,100,lognormal,0.5,3
111,445,1,4,50,normal,0.5,3
112,503,4,4,300,lognormal,2,2
113,222,12,4,50,even_discrete,1,1
114,454,20,2,100,normal,0.5,3
115,65,6,3,100,lognormal,1,2
116,513,16,3,300,uniform,4,2
117,412,16,3,50,uniform,2,1
118,493,11,3,300,normal,2,2
119,202,6,4,300,uniform,4,3
120,258,9,4,300,lognormal,4,1
121,223,4,3,300,even_discrete,1,3
122,152,8,1,100,normal,4,1
123,194,3,3,300,lognormal,0.5,2
124,417,11,2,50,lognormal,2,1
125,147,18,1,300,lognormal,0.5,2
126,119,10,1,50,uniform,4,3
127,386,9,1,100,normal,0.5,1
128,102,13,2,100,even_discrete,1,3
129,544,15,2,100,uniform,0.5,1
130,405,11,2,50,even_discrete,2,1
131,13,5,1,300,even_discrete,1,3
132,575,8,4,100,even_discrete,0.5,1
133,85,14,1,300,uniform,2,1
134,372,18,2,50,lognormal,1,1
135,511,2,1,100,even_discrete,2,2
136,336,18,1,50,lognormal,0.5,2
137,431,8,2,100,lognormal,2,3
138,418,15,1,300,normal,0.5,1
139,476,12,3,50,even_discrete,2,3
140,268,15,1,100,uniform,4,2
141,9,9,1,50,even_discrete,1,1
142,102,15,2,100,even_discrete,1,3
143,127,3,2,300,lognormal,0.5,2
144,282,6,2,50,even_discrete,1,1
145,35,16,4,300,lognormal,1,3
146,403,15,3,100,lognormal,1,3
147,41,4,4,100,uniform,0.5,2
148,330,6,1,100,uniform,0.5,3
149,206,5,4,50,lognormal,0.5,2
150,115,10,3,300,lognormal,1,1
151,493,12,3,300,normal,2,2
152,213,17,2,300,normal,2,2
153,352,16,4,300,even_discrete,4,1
154,190,6,4,300,lognormal,2,1
155,343,8,3,300,uniform,0.5,2
156,287,10,4,100,lognormal,0.5,3
157,371,3,2,100,uniform,2,1
158,86,4,3,50,uniform,0.5,2
159,399,7,4,100,lognormal,0.5,1
160,310,6,3,100,even_discrete,4,3
1,290,10,2,300,uniform,2,3
2,194,20,3,300,lognormal,0.5,2
3,559,11,4,100,even_discrete,1,1
4,320,4,2,100,normal,2,3
5,156,8,4,100,even_discrete,2,2
6,35,15,4,300,lognormal,1,3
7,202,8,4,300,uniform,4,3
8,552,16,4,100,normal,0.5,1
9,350,19,1,300,uniform,0.5,3
10,227,3,2,300,normal,2,3
11,423,4,3,300,even_discrete,2,2
12,489,3,1,100,even_discrete,0.5,3
13,361,12,2,100,uniform,4,2
14,75,5,2,300,even_discrete,4,1
15,8,9,2,50,lognormal,4,2
16,266,17,4,300,even_discrete,4,3
17,515,20,4,50,normal,1,1
18,208,18,4,100,even_discrete,2,3
19,361,5,2,100,uniform,4,2
20,282,6,2,50,even_discrete,1,1
21,381,4,4,300,normal,0.5,1
22,540,19,4,100,lognormal,0.5,2
23,287,12,4,100,lognormal,0.5,3
24,212,7,2,300,even_discrete,2,3
25,107,5,1,300,lognormal,1,3
26,453,2,4,300,uniform,2,1
27,433,18,1,300,even_discrete,0.5,3
28,63,5,4,300,even_discrete,0.5,1
29,254,7,1,300,normal,2,1
30,523,7,2,300,even_discrete,0.5,1
31,31,16,3,100,even_discrete,2,2
32,430,18,3,100,lognormal,0.5,2
33,181,18,4,50,lognormal,1,1
34,419,16,4,100,normal,1,1
35,240,9,3,50,normal,0.5,2
36,320,20,2,100,normal,2,3
37,22,19,4,100,even_discrete,4,2
38,536,15,1,50,normal,2,3
39,75,19,2,300,even_discrete,4,1
40,22,17,4,100,even_discrete,4,2
41,292,15,2,300,normal,4,2
42,464,6,2,100,lognormal,1,1
43,412,13,3,50,uniform,2,1
44,550,18,3,50,normal,4,2
45,59,4,2,50,even_discrete,4,1
46,463,3,4,100,uniform,1,1
47,383,3,2,300,normal,1,2
48,295,14,1,50,uniform,4,2
49,122,1,4,50,normal,4,1
50,37,5,3,100,normal,0.5,1
51,473,5,4,300,normal,4,3
52,357,7,3,100,uniform,4,3
53,550,10,3,50,normal,4,2
54,52,3,4,100,uniform,0.5,1
55,85,5,1,300,uniform,2,1
56,433,12,1,300,even_discrete,0.5,3
57,266,5,4,300,even_discrete,4,3
58,19,13,3,300,lognormal,4,3
59,412,9,3,50,uniform,2,1
60,65,12,3,100,lognormal,1,2
61,3,5,1,300,uniform,4,3
62,126,1,3,100,normal,0.5,3
63,198,3,4,50,uniform,4,1
64,310,19,3,100,even_discrete,4,3
65,413,7,4,100,uniform,1,2
66,359,15,1,300,lognormal,4,1
67,4,7,4,100,uniform,0.5,3
68,314,16,1,300,normal,4,1
69,292,9,2,300,normal,4,2
70,47,13,4,100,lognormal,2,1
71,424,19,3,300,even_discrete,4,1
72,8,20,2,50,lognormal,4,2
73,487,17,2,100,lognormal,4,2
74,485,18,2,100,even_discrete,0.5,3
75,274,20,2,100,lognormal,4,3
76,311,1,4,50,lognormal,0.5,3
77,56,9,1,50,lognormal,4,2
78,481,17,1,50,normal,4,1
79,285,5,2,300,uniform,0.5,3
80,324,15,3,50,normal,1,3
81,545,16,2,300,normal,0.5,3
82,575,5,4,100,even_discrete,0.5,1
83,204,20,3,100,normal,4,1
84,271,9,3,50,even_discrete,4,3
85,533,2,1,300,normal,1,3
86,564,8,4,50,normal,0.5,1
87,180,20,1,300,normal,0.5,3
88,78,4,3,100,uniform,2,1
89,137,18,2,50,lognormal,0.5,1
90,418,8,1,300,normal,0.5,1
91,428,4,4,50,uniform,4,3
92,162,10,4,300,lognormal,2,3
93,13,6,1,300,even_discrete,1,3
94,317,9,2,50,even_discrete,0.5,2
95,108,6,2,50,uniform,4,3
96,203,1,2,50,lognormal,1,2
97,6,4,1,100,uniform,1,1
98,56,17,1,50,lognormal,4,2
99,103,10,1,50,even_discrete,1,2
100,292,4,2,300,normal,4,2
101,299,15,2,100,lognormal,0.5,3
102,212,9,2,300,even_discrete,2,3
103,219,4,4,300,lognormal,1,2
104,379,2,1,300,uniform,0.5,2
105,336,16,1,50,lognormal,0.5,2
106,456,14,1,100,even_discrete,1,1
107,77,12,3,100,even_discrete,1,3
108,484,4,1,50,normal,0.5,1
109,275,15,4,100,normal,0.5,2
110,458,10,1,300,normal,4,2
111,464,2,2,100,lognormal,1,1
112,454,2,2,100,normal,0.5,3
113,418,7,1,300,normal,0.5,1
114,103,4,1,50,even_discrete,1,2
115,481,18,1,50,normal,4,1
116,337,2,2,50,normal,2,2
117,100,14,1,100,even_discrete,1,3
118,567,9,4,50,uniform,1,3
119,54,2,3,50,even_discrete,0.5,3
120,387,5,2,100,uniform,0.5,3
121,548,13,1,50,normal,4,2
122,35,6,4,300,lognormal,1,3
123,272,2,4,100,normal,2,1
124,357,5,3,100,uniform,4,3
125,122,5,4,50,normal,4,1
126,153,11,4,100,lognormal,1,1
127,426,10,3,50,lognormal,2,3
128,527,12,1,50,lognormal,0.5,3
129,536,20,1,50,normal,2,3
130,184,1,3,100,lognormal,4,3
131,551,9,3,100,lognormal,2,3
132,309,7,3,300,uniform,4,1
133,92,8,2,100,even_discrete,1,2
134,543,1,4,300,normal,0.5,2
135,429,6,3,300,normal,4,1
136,242,1,4,100,uniform,2,1
137,86,18,3,50,uniform,0.5,2
138,187,7,2,50,lognormal,2,2
139,111,14,1,100,lognormal,1,1
140,223,20,3,300,even_discrete,1,3
141,429,14,3,300,normal,4,1
142,29,1,3,50,uniform,4,3
143,301,7,3,100,uniform,4,1
144,231,7,1,300,uniform,4,2
145,5,11,1,100,uniform,0.5,2
146,545,12,2,300,normal,0.5,3
147,420,18,2,50,normal,2,3
148,308,9,4,300,lognormal,1,1
149,522,9,2,300,even_discrete,1,2
150,247,11,1,50,uniform,4,1
151,284,6,2,100,even_discrete,1,1
152,517,19,3,100,even_discrete,1,1
153,322,15,3,50,uniform,0.5,3
154,315,18,1,50,normal,1,1
155,419,5,4,100,normal,1,1
156,412,18,3,50,uniform,2,1
157,304,14,4,300,lognormal,4,3
158,18,11,4,300,normal,2,2
159,510,13,2,50,normal,1,2
160,417,11,2,50,lognormal,2,1
1,434,2,3,100,lognormal,0.5,3
2,158,2,4,100,uniform,4,2
3,225,4,2,300,lognormal,4,1
4,450,17,3,50,uniform,4,2
5,364,4,3,100,normal,1,3
6,402,19,2,50,even_discrete,0.5,1
7,250,20,3,100,even_discrete,2,1
8,26,11,1,50,even_discrete,2,1
9,272,11,4,100,normal,2,1
10,269,15,4,50,uniform,1,1
11,363,15,4,300,lognormal,4,2
12,190,10,4,300,lognormal,2,1
13,305,6,3,300,even_discrete,0.5,3
14,466,18,1,50,normal,2,1
15,208,1,4,100,even_discrete,2,3
16,470,16,3,300,normal,0.5,2
17,330,14,1,100,uniform,0.5,3
18,90,12,3,100,normal,1,1
19,13,18,1,300,even_discrete,1,3
20,450,7,3,50,uniform,4,2
21,241,12,1,100,lognormal,1,3
22,136,1,3,100,normal,4,2
23,532,15,1,300,even_discrete,2,2
24,172,10,1,100,normal,0.5,3
25,471,17,4,50,even_discrete,0.5,3
26,492,3,2,300,even_discrete,4,3
27,439,6,3,50,normal,1,2
28,139,7,2,300,normal,1,1
29,218,5,3,100,lognormal,0.5,1
30,159,19,1,300,uniform,4,1
31,40,12,1,50,normal,4,3
32,40,20,1,50,normal,4,3
33,271,8,3,50,even_discrete,4,3
34,230,20,1,100,uniform,4,1
35,244,5,2,50,even_discrete,4,3
36,447,19,1,100,uniform,0.5,1
37,455,5,1,50,uniform,1,1
38,62,4,4,50,even_discrete,0.5,2
39,390,12,1,50,uniform,1,2
40,364,18,3,100,normal,1,3
41,112,6,4,50,even_discrete,1,2
42,489,11,1,100,even_discrete,0.5,3
43,178,10,2,100,even_discrete,0.5,1
44,284,6,2,100,even_discrete,1,1
45,445,19,4,50,normal,0.5,3
46,548,11,1,50,normal,4,2
47,309,14,3,300,uniform,4,1
48,63,3,4,300,even_discrete,0.5,1
49,400,13,3,50,even_discrete,0.5,1
50,210,19,1,100,uniform,2,2
51,474,12,1,50,uniform,1,3
52,527,12,1,50,lognormal,0.5,3
53,444,2,2,100,lognormal,2,1
54,493,15,3,300,normal,2,2
55,235,16,4,100,lognormal,1,2
56,325,11,2,100,normal,1,3
57,462,1,3,100,lognormal,2,2
58,380,19,1,300,normal,1,2
59,222,14,4,50,even_discrete,1,1
60,243,8,2,50,normal,4,2
61,475,10,2,100,even_discrete,2,2
62,416,17,4,50,lognormal,4,2
63,146,20,2,100,lognormal,2,2
64,495,17,2,50,uniform,2,1
65,497,2,1,50,even_discrete,4,3
66,323,8,2,50,normal,0.5,1
67,143,5,3,300,normal,2,3
68,551,9,3,100,lognormal,2,3
69,283,11,4,50,uniform,2,1
70,378,5,3,100,even_discrete,0.5,3
71,294,11,1,50,normal,2,2
72,427,5,1,50,even_discrete,2,3
73,529,5,4,300,uniform,1,1
74,342,20,4,100,uniform,2,2
75,298,12,1,300,normal,1,1
76,314,9,1,300,normal,4,1
77,129,18,4,50,even_discrete,0.5,1
78,387,9,2,100,uniform,0.5,3
79,364,8,3,100,normal,1,3
80,276,1,1,300,uniform,2,2
81,354,11,3,300,uniform,4,3
82,415,17,2,300,lognormal,2,2
83,538,19,2,300,even_discrete,2,1
84,321,17,1,100,uniform,2,3
85,52,19,4,100,uniform,0.5,1
86,134,17,2,300,even_discrete,2,2
87,253,10,2,50,uniform,4,2
88,133,16,1,50,lognormal,4,3
89,550,2,3,50,normal,4,2
90,65,7,3,100,lognormal,1,2
91,21,5,3,50,even_discrete,1,3
92,485,14,2,100,even_discrete,0.5,3
93,468,7,4,100,normal,2,3
94,7,14,4,50,normal,4,2
95,219,16,4,300,lognormal,1,2
96,174,9,1,300,even_discrete,2,1
97,8,19,2,50,lognormal,4,2
98,319,16,4,300,normal,1,2
99,346,15,4,50,normal,2,1
100,343,2,3,300,uniform,0.5,2
101,81,20,4,50,even_discrete,1,3
102,399,6,4,100,lognormal,0.5,1
103,375,13,1,50,even_discrete,0.5,1
104,289,13,2,300,even_discrete,1,3
105,250,14,3,100,even_discrete,2,1
106,361,12,2,100,uniform,4,2
107,481,2,1,50,normal,4,1
108,301,18,3,100,uniform,4,1
109,415,2,2,300,lognormal,2,2
110,212,14,2,300,even_discrete,2,3
111,483,12,1,50,uniform,2,3
112,562,9,1,100,uniform,1,3
113,88,15,3,100,uniform,2,3
114,504,18,3,100,lognormal,4,2
115,440,17,4,300,even_discrete,2,1
116,374,7,4,300,even_discrete,1,2
117,137,7,2,50,lognormal,0.5,1
118,252,15,2,100,lognormal,0.5,1
119,415,7,2,300,lognormal,2,2
120,160,12,3,300,even_discrete,1,1
121,421,8,2,50,uniform,0.5,2
122,421,18,2,50,uniform,0.5,2
123,6,14,1,100,uniform,1,1
124,112,8,4,50,even_discrete,1,2
125,131,6,3,300,uniform,2,3
126,523,3,2,300,even_discrete,0.5,1
127,509,19,2,300,uniform,4,1
128,261,15,4,100,normal,4,3
129,214,8,4,50,lognormal,1,3
130,365,9,4,300,uniform,0.5,2
131,397,16,4,50,normal,0.5,2
132,531,14,1,100,lognormal,1,2
133,67,16,3,300,normal,0.5,3
134,183,4,1,50,uniform,2,2
135,573,4,2,100,uniform,0.5,2
136,460,3,3,300,even_discrete,4,3
137,478,10,1,100,normal,4,2
138,309,1,3,300,uniform,4,1
139,564,13,4,50,normal,0.5,1
140,345,8,2,300,normal,0.5,2
141,155,3,2,100,lognormal,0.5,2
142,275,8,4,100,normal,0.5,2
143,112,18,4,50,even_discrete,1,2
144,226,11,4,300,normal,0.5,3
145,134,14,2,300,even_discrete,2,2
146,26,20,1,50,even_discrete,2,1
147,409,14,3,100,lognormal,1,1
148,406,3,2,300,normal,4,3
149,321,14,1,100,uniform,2,3
150,420,20,2,50,normal,2,3
151,277,18,4,50,lognormal,4,3
152,198,1,4,50,uniform,4,1
153,325,4,2,100,normal,1,3
154,305,10,3,300,even_discrete,0.5,3
155,262,10,1,300,lognormal,2,3
156,177,14,2,100,even_discrete,4,1
157,296,18,1,50,normal,0.5,2
158,497,19,1,50,even_discrete,4,3
159,424,15,3,300,even_discrete,4,1
160,562,20,1,100,uniform,1,3
1,304,14,4,300,lognormal,4,3
2,286,18,3,50,uniform,1,1
3,317,20,2,50,even_discrete,0.5,2
4,341,9,1,300,uniform,2,3
5,558,6,1,300,even_discrete,1,1
6,275,13,4,100,normal,0.5,2
7,213,11,2,300,normal,2,2
8,310,3,3,100,even_discrete,4,3
9,315,9,1,50,normal,1,1
10,482,9,4,100,lognormal,2,2
11,403,13,3,100,lognormal,1,3
12,476,7,3,50,even_discrete,2,3
13,457,3,1,100,lognormal,0.5,3
14,208,13,4,100,even_discrete,2,3
15,262,14,1,300,lognormal,2,3
16,301,19,3,100,uniform,4,1
17,24,15,3,300,uniform,1,2
18,271,2,3,50,even_discrete,4,3
19,31,2,3,100,even_discrete,2,2
20,228,17,4,300,even_discrete,4,2
21,288,8,3,50,lognormal,0.5,2
22,1,14,2,300,lognormal,4,3
23,46,13,2,100,even_discrete,4,3
24,307,5,4,50,normal,2,2
25,267,7,4,300,normal,4,2
26,563,9,4,100,normal,4,2
27,531,2,1,100,lognormal,1,2
28,155,3,2,100,lognormal,0.5,2
29,219,4,4,300,lognormal,1,2
30,554,14,1,50,even_discrete,2,2
31,161,1,4,100,uniform,4,3
32,456,12,1,100,even_discrete,1,1
33,102,16,2,100,even_discrete,1,3
34,512,19,4,50,uniform,0.5,3
35,179,14,2,300,lognormal,0.5,1
36,332,16,1,50,normal,1,3
37,265,12,1,100,normal,0.5,2
38,561,20,1,100,lognormal,0.5,1
39,534,18,3,300,lognormal,1,2
40,445,9,4,50,normal,0.5,3
41,475,11,2,100,even_discrete,2,2
42,288,1,3,50,lognormal,0.5,2
43,213,20,2,300,normal,2,2
44,380,10,1,300,normal,1,2
45,155,17,2,100,lognormal,0.5,2
46,457,10,1,100,lognormal,0.5,3
47,474,5,1,50,uniform,1,3
48,260,11,4,50,normal,1,2
49,374,6,4,300,even_discrete,1,2
50,365,2,4,300,uniform,0.5,2
51,534,16,3,300,lognormal,1,2
52,553,16,4,100,even_discrete,0.5,2
53,565,4,2,50,uniform,1,3
54,188,20,1,100,even_discrete,2,3
55,232,18,4,50,uniform,0.5,2
56,507,15,3,300,normal,4,3
57,276,20,1,300,uniform,2,2
58,89,1,2,100,normal,4,2
59,104,7,4,100,lognormal,2,3
60,12,4,2,100,even_discrete,2,3
61,74,15,1,50,even_discrete,0.5,2
62,79,3,1,100,even_discrete,4,1
63,229,16,2,50,normal,0.5,3
64,522,4,2,300,even_discrete,1,2
65,209,13,1,300,lognormal,1,1
66,293,11,3,300,normal,1,1
67,7,16,4,50,normal,4,2
68,15,2,2,300,uniform,2,2
69,514,8,3,100,normal,2,1
70,446,6,4,50,even_discrete,4,3
71,545,3,2,300,normal,0.5,3
72,230,7,1,100,uniform,4,1
73,333,11,4,50,lognormal,0.5,1
74,337,11,2,50,normal,2,2
75,95,18,4,50,lognormal,1,2
76,518,12,3,50,uniform,4,1
77,189,13,3,300,lognormal,0.5,3
78,128,8,1,300,lognormal,0.5,3
79,308,12,4,300,lognormal,1,1
80,362,16,4,50,lognormal,2,2
81,514,9,3,100,normal,2,1
82,297,11,3,100,normal,2,3
83,544,6,2,100,uniform,0.5,1
84,407,7,3,300,lognormal,2,3
85,258,13,4,300,lognormal,4,1
86,412,2,3,50,uniform,2,1
87,131,7,3,300,uniform,2,3
88,202,12,4,300,uniform,4,3
89,65,10,3,100,lognormal,1,2
90,304,6,4,300,lognormal,4,3
91,153,6,4,100,lognormal,1,1
92,292,6,2,300,normal,4,2
93,537,11,4,300,uniform,0.5,3
94,490,4,4,100,even_discrete,2,1
95,278,2,3,100,uniform,1,3
96,388,20,4,50,normal,2,3
97,139,2,2,300,normal,1,1
98,171,11,4,50,even_discrete,2,2
99,172,6,1,100,normal,0.5,3
100,491,5,2,50,uniform,1,2
101,144,1,1,100,uniform,1,2
102,202,8,4,300,uniform,4,3
103,110,17,2,300,uniform,0.5,1
104,479,15,1,100,normal,1,3
105,337,7,2,50,normal,2,2
106,271,20,3,50,even_discrete,4,3
107,60,18,1,100,lognormal,0.5,2
108,305,20,3,300,even_discrete,0.5,3
109,39,1,3,100,uniform,2,2
110,436,6,1,50,lognormal,2,1
111,529,10,4,300,uniform,1,1
112,466,7,1,50,normal,2,1
113,460,18,3,300,even_discrete,4,3
114,108,3,2,50,uniform,4,3
115,451,15,2,100,normal,2,1
116,342,4,4,100,uniform,2,2
117,361,3,2,100,uniform,4,2
118,351,19,3,50,lognormal,4,1
119,387,16,2,100,uniform,0.5,3
120,442,3,3,50,lognormal,0.5,3
121,467,3,2,100,even_discrete,4,2
122,67,20,3,300,normal,0.5,3
123,135,7,2,300,normal,1,3
124,423,3,3,300,even_discrete,2,2
125,34,10,3,50,lognormal,1,2
126,348,17,2,50,normal,1,1
127,197,14,4,100,lognormal,4,1
128,44,8,1,300,even_discrete,4,1
129,208,1,4,100,even_discrete,2,3
130,181,3,4,50,lognormal,1,1
131,325,7,2,100,normal,1,3
132,408,15,2,300,lognormal,0.5,3
133,367,5,2,50,normal,2,1
134,359,3,1,300,lognormal,4,1
135,392,7,4,300,uniform,2,3
136,485,16,2,100,even_discrete,0.5,3
137,57,20,4,50,lognormal,4,1
138,572,4,2,100,normal,4,1
139,190,5,4,300,lognormal,2,1
140,270,7,3,50,uniform,0.5,1
141,445,19,4,50,normal,0.5,3
142,171,11,4,50,even_discrete,2,2
143,47,11,4,100,lognormal,2,1
144,89,4,2,100,normal,4,2
145,71,9,4,100,even_discrete,4,3
146,94,7,3,300,even_discrete,4,2
147,29,9,3,50,uniform,4,3
148,56,1,1,50,lognormal,4,2
149,224,7,3,300,lognormal,2,1
150,215,1,2,100,lognormal,4,1
151,28,19,4,100,uniform,2,3
152,328,5,3,300,lognormal,4,1
153,8,2,2,50,lognormal,4,2
154,457,7,1,100,lognormal,0.5,3
155,252,18,2,100,lognormal,0.5,1
156,328,9,3,300,lognormal,4,1
157,385,20,3,100,normal,4,3
158,223,18,3,300,even_discrete,1,3
159,465,9,2,100,uniform,4,3
160,571,9,1,300,lognormal,4,3
1,229,17,2,50,normal,0.5,3
2,492,10,2,300,even_discrete,4,3
3,218,16,3,100,lognormal,0.5,1
4,205,14,1,100,even_discrete,4,3
5,269,10,4,50,uniform,1,1
6,215,8,2,100,lognormal,4,1
7,115,5,3,300,lognormal,1,1
8,380,7,1,300,normal,1,2
9,87,4,2,300,lognormal,2,3
10,379,20,1,300,uniform,0.5,2
11,46,7,2,100,even_discrete,4,3
12,158,8,4,100,uniform,4,2
13,364,1,3,100,normal,1,3
14,325,17,2,100,normal,1,3
15,523,11,2,300,even_discrete,0.5,1
16,2,20,3,50,even_discrete,1,1
17,442,17,3,50,lognormal,0.5,3
18,269,1,4,50,uniform,1,1
19,348,11,2,50,normal,1,1
20,15,18,2,300,uniform,2,2
21,536,16,1,50,normal,2,3
22,326,5,3,50,even_discrete,0.5,2
23,222,19,4,50,even_discrete,1,1
24,231,15,1,300,uniform,4,2
25,47,20,4,100,lognormal,2,1
26,187,1,2,50,lognormal,2,2
27,454,4,2,100,normal,0.5,3
28,42,19,4,50,uniform,1,2
29,43,17,3,50,normal,4,3
30,4,1,4,100,uniform,0.5,3
31,176,19,2,100,normal,1,1
32,526,15,1,300,lognormal,2,2
33,273,6,3,100,lognormal,2,1
34,486,15,3,50,normal,4,1
35,502,13,3,100,uniform,4,2
36,526,12,1,300,lognormal,2,2
37,410,8,1,300,even_discrete,2,3
38,448,3,3,300,even_discrete,2,1
39,478,3,1,100,normal,4,2
40,458,16,1,300,normal,4,2
41,32,13,3,300,even_discrete,0.5,2
42,249,19,1,300,lognormal,2,1
43,280,19,2,50,lognormal,4,3
44,74,14,1,50,even_discrete,0.5,2
45,10,6,4,300,even_discrete,1,1
46,266,7,4,300,even_discrete,4,3
47,46,19,2,100,even_discrete,4,3
48,519,6,3,100,even_discrete,4,2
49,205,4,1,100,even_discrete,4,3
50,17,16,3,300,lognormal,2,2
51,72,9,1,300,even_discrete,0.5,2
52,264,20,1,100,normal,2,1
53,545,6,2,300,normal,0.5,3
54,260,7,4,50,normal,1,2
55,473,2,4,300,normal,4,3
56,405,6,2,50,even_discrete,2,1
57,311,16,4,50,lognormal,0.5,3
58,443,5,3,50,normal,2,3
59,519,11,3,100,even_discrete,4,2
60,161,18,4,100,uniform,4,3
61,521,16,4,300,normal,2,3
62,389,2,4,300,even_discrete,0.5,3
63,18,11,4,300,normal,2,2
64,143,18,3,300,normal,2,3
65,178,3,2,100,even_discrete,0.5,1
66,563,16,4,100,normal,4,2
67,444,3,2,100,lognormal,2,1
68,160,5,3,300,even_discrete,1,1
69,197,10,4,100,lognormal,4,1
70,131,10,3,300,uniform,2,3
71,273,15,3,100,lognormal,2,1
72,246,10,2,100,even_discrete,0.5,2
73,468,16,4,100,normal,2,3
74,270,14,3,50,uniform,0.5,1
75,452,3,1,100,even_discrete,0.5,2
76,22,15,4,100,even_discrete,4,2
77,132,6,4,100,uniform,4,1
78,54,6,3,50,even_discrete,0.5,3
79,445,3,4,50,normal,0.5,3
80,199,10,2,50,uniform,0.5,1
81,251,15,4,50,uniform,0.5,1
82,59,8,2,50,even_discrete,4,1
83,303,16,1,50,even_discrete,4,1
84,84,20,2,50,uniform,0.5,3
85,305,9,3,300,even_discrete,0.5,3
86,123,11,1,100,normal,2,3
87,393,16,2,300,lognormal,1,3
88,254,14,1,300,normal,2,1
89,25,3,2,300,normal,2,1
90,404,5,2,300,uniform,1,3
91,234,12,4,300,even_discrete,2,2
92,203,12,2,50,lognormal,1,2
93,507,15,3,300,normal,4,3
94,525,18,2,100,uniform,4,1
95,259,17,3,50,lognormal,2,2
96,151,14,4,100,even_discrete,1,3
97,551,20,3,100,lognormal,2,3
98,540,13,4,100,lognormal,0.5,2
99,228,17,4,300,even_discrete,4,2
100,394,10,3,100,even_discrete,4,1
101,519,16,3,100,even_discrete,4,2
102,169,11,2,50,normal,0.5,2
103,102,7,2,100,even_discrete,1,3
104,575,12,4,100,even_discrete,0.5,1
105,446,6,4,50,even_discrete,4,3
106,370,8,1,50,uniform,0.5,1
107,320,13,2,100,normal,2,3
108,426,16,3,50,lognormal,2,3
109,416,9,4,50,lognormal,4,2
110,465,17,2,100,uniform,4,3
111,25,19,2,300,normal,2,1
112,509,20,2,300,uniform,4,1
113,288,5,3,50,lognormal,0.5,2
114,311,8,4,50,lognormal,0.5,3
115,269,14,4,50,uniform,1,1
116,467,11,2,100,even_discrete,4,2
117,126,11,3,100,normal,0.5,3
118,182,4,2,50,even_discrete,2,3
119,95,18,4,50,lognormal,1,2
120,205,16,1,100,even_discrete,4,3
121,37,9,3,100,normal,0.5,1
122,492,16,2,300,even_discrete,4,3
123,528,11,4,300,uniform,4,2
124,422,4,2,300,uniform,1,2
125,482,3,4,100,lognormal,2,2
126,83,18,3,100,uniform,0.5,2
127,221,8,3,100,uniform,1,1
128,439,6,3,50,normal,1,2
129,226,6,4,300,normal,0.5,3
130,331,14,3,50,normal,0.5,3
131,71,19,4,100,even_discrete,4,3
132,327,5,4,300,normal,1,1
133,375,17,1,50,even_discrete,0.5,1
134,11,20,1,100,normal,1,2
135,549,18,1,300,lognormal,0.5,1
136,555,15,3,50,normal,2,1
137,549,13,1,300,lognormal,0.5,1
138,321,2,1,100,uniform,2,3
139,320,2,2,100,normal,2,3
140,332,6,1,50,normal,1,3
141,526,20,1,300,lognormal,2,2
142,556,17,4,300,uniform,1,3
143,293,9,3,300,normal,1,1
144,336,20,1,50,lognormal,0.5,2
145,103,20,1,50,even_discrete,1,2
146,190,14,4,300,lognormal,2,1
147,470,10,3,300,normal,0.5,2
148,397,10,4,50,normal,0.5,2
149,535,15,3,50,uniform,1,2
150,88,12,3,100,uniform,2,3
151,432,20,2,300,uniform,4,3
152,478,7,1,100,normal,4,2
153,180,7,1,300,normal,0.5,3
154,384,9,4,100,even_discrete,1,2
155,16,6,3,50,normal,2,2
156,440,15,4,300,even_discrete,2,1
157,574,7,1,300,uniform,1,1
158,385,8,3,100,normal,4,3
159,322,16,3,50,uniform,0.5,3
160,141,1,3,300,uniform,2,2
1,64,5,3,300,even_discrete,1,2
2,521,11,4,300,normal,2,3
3,371,9,2,100,uniform,2,1
4,142,5,4,100,uniform,1,3
5,33,17,3,50,even_discrete,4,2
6,100,6,1,100,even_discrete,1,3
7,244,3,2,50,even_discrete,4,3
8,444,4,2,100,lognormal,2,1
9,507,20,3,300,normal,4,3
10,160,13,3,300,even_discrete,1,1
11,471,10,4,50,even_discrete,0.5,3
12,56,2,1,50,lognormal,4,2
13,156,19,4,100,even_discrete,2,2
14,224,10,3,300,lognormal,2,1
15,103,13,1,50,even_discrete,1,2
16,125,3,4,100,normal,2,2
17,117,18,1,300,normal,2,2
18,558,8,1,300,even_discrete,1,1
19,483,3,1,50,uniform,2,3
20,89,20,2,100,normal,4,2
21,411,6,2,300,lognormal,2,1
22,260,3,4,50,normal,1,2
23,484,3,1,50,normal,0.5,1
24,9,17,1,50,even_discrete,1,1
25,77,16,3,100,even_discrete,1,3
26,387,7,2,100,uniform,0.5,3
27,138,1,3,300,lognormal,4,2
28,331,8,3,50,normal,0.5,3
29,255,1,2,300,even_discrete,0.5,2
30,438,9,2,50,lognormal,4,1
31,561,15,1,100,lognormal,0.5,1
32,226,10,4,300,normal,0.5,3
33,571,12,1,300,lognormal,4,3
34,117,3,1,300,normal,2,2
35,64,18,3,300,even_discrete,1,2
36,113,17,3,50,uniform,2,3
37,509,7,2,300,uniform,4,1
38,349,10,4,300,normal,4,1
39,163,17,2,100,uniform,2,3
40,423,12,3,300,even_discrete,2,2
41,209,4,1,300,lognormal,1,1
42,244,13,2,50,even_discrete,4,3
43,484,2,1,50,normal,0.5,1
44,369,2,2,300,lognormal,4,2
45,429,10,3,300,normal,4,1
46,135,18,2,300,normal,1,3
47,239,1,3,100,normal,0.5,2
48,28,4,4,100,uniform,2,3
49,76,2,2,300,normal,0.5,1
50,337,13,2,50,normal,2,2
51,264,17,1,100,normal,2,1
52,23,3,3,300,normal,0.5,1
53,427,7,1,50,even_discrete,2,3
54,442,9,3,50,lognormal,0.5,3
55,417,3,2,50,lognormal,2,1
56,488,10,1,50,lognormal,1,2
57,291,10,3,300,normal,1,2
58,457,8,1,100,lognormal,0.5,3
59,537,15,4,300,uniform,0.5,3
60,69,2,1,300,lognormal,4,2
61,280,9,2,50,lognormal,4,3
62,407,6,3,300,lognormal,2,3
63,356,8,3,50,lognormal,1,1
64,494,1,2,100,normal,0.5,1
65,184,5,3,100,lognormal,4,3
66,134,2,2,300,even_discrete,2,2
67,310,9,3,100,even_discrete,4,3
68,427,13,1,50,even_discrete,2,3
69,374,16,4,300,even_discrete,1,2
70,347,16,2,50,lognormal,0.5,3
71,456,4,1,100,even_discrete,1,1
72,94,14,3,300,even_discrete,4,2
73,450,6,3,50,uniform,4,2
74,532,19,1,300,even_discrete,2,2
75,247,6,1,50,uniform,4,1
76,36,16,1,100,lognormal,2,1
77,539,14,1,300,even_discrete,1,2
78,139,11,2,300,normal,1,1
79,424,11,3,300,even_discrete,4,1
80,568,8,1,100,even_discrete,1,2
81,46,13,2,100,even_discrete,4,3
82,111,3,1,100,lognormal,1,1
83,113,8,3,50,uniform,2,3
84,72,16,1,300,even_discrete,0.5,2
85,323,15,2,50,normal,0.5,1
86,71,4,4,100,even_discrete,4,3
87,41,11,4,100,uniform,0.5,2
88,437,19,2,100,lognormal,1,2
89,177,12,2,100,even_discrete,4,1
90,43,16,3,50,normal,4,3
91,145,7,1,100,even_discrete,4,2
92,343,3,3,300,uniform,0.5,2
93,87,2,2,300,lognormal,2,3
94,126,20,3,100,normal,0.5,3
95,564,5,4,50,normal,0.5,1
96,58,18,1,100,lognormal,4,2
97,22,6,4,100,even_discrete,4,2
98,568,6,1,100,even_discrete,1,2
99,149,7,3,100,even_discrete,2,3
100,296,13,1,50,normal,0.5,2
101,383,18,2,300,normal,1,2
102,426,12,3,50,lognormal,2,3
103,105,5,4,100,normal,0.5,3
104,347,6,2,50,lognormal,0.5,3
105,535,11,3,50,uniform,1,2
106,49,2,1,300,normal,4,3
107,19,9,3,300,lognormal,4,3
108,446,11,4,50,even_discrete,4,3
109,102,16,2,100,even_discrete,1,3
110,323,1,2,50,normal,0.5,1
111,83,6,3,100,uniform,0.5,2
112,512,17,4,50,uniform,0.5,3
113,295,20,1,50,uniform,4,2
114,458,1,1,300,normal,4,2
115,400,11,3,50,even_discrete,0.5,1
116,390,14,1,50,uniform,1,2
117,220,8,3,300,lognormal,1,3
118,209,2,1,300,lognormal,1,1
119,435,1,3,100,lognormal,4,1
120,567,14,4,50,uniform,1,3
121,276,7,1,300,uniform,2,2
122,553,1,4,100,even_discrete,0.5,2
123,257,20,1,50,normal,0.5,3
124,287,1,4,100,lognormal,0.5,3
125,199,13,2,50,uniform,0.5,1
126,171,9,4,50,even_discrete,2,2
127,348,3,2,50,normal,1,1
128,35,11,4,300,lognormal,1,3
129,329,13,1,300,uniform,1,2
130,295,16,1,50,uniform,4,2
131,507,17,3,300,normal,4,3
132,30,18,1,50,even_discrete,4,2
133,478,4,1,100,normal,4,2
134,573,16,2,100,uniform,0.5,2
135,326,9,3,50,even_discrete,0.5,2
136,152,11,1,100,normal,4,1
137,348,1,2,50,normal,1,1
138,497,9,1,50,even_discrete,4,3
139,22,17,4,100,even_discrete,4,2
140,50,9,2,100,lognormal,1,3
141,186,15,2,50,uniform,4,1
142,305,3,3,300,even_discrete,0.5,3
143,44,17,1,300,even_discrete,4,1
144,142,14,4,100,uniform,1,3
145,273,1,3,100,lognormal,2,1
146,152,1,1,100,normal,4,1
147,222,1,4,50,even_discrete,1,1
148,565,4,2,50,uniform,1,3
149,530,17,1,300,normal,0.5,2
150,410,5,1,300,even_discrete,2,3
151,114,13,1,100,normal,4,3
152,47,16,4,100,lognormal,2,1
153,103,6,1,50,even_discrete,1,2
154,459,11,3,50,lognormal,4,3
155,455,4,1,50,uniform,1,1
156,110,8,2,300,uniform,0.5,1
157,414,12,2,300,even_discrete,0.5,3
158,128,20,1,300,lognormal,0.5,3
159,53,5,1,50,lognormal,4,1
160,289,10,2,300,even_discrete,1,3
1,113,3,3,50,uniform,2,3
2,347,16,2,50,lognormal,0.5,3
3,98,3,4,50,uniform,4,2
4,293,18,3,300,normal,1,1
5,407,15,3,300,lognormal,2,3
6,227,18,2,300,normal,2,3
7,322,4,3,50,uniform,0.5,3
8,401,20,4,300,even_discrete,1,3
9,333,1,4,50,lognormal,0.5,1
10,366,19,1,100,normal,1,1
11,518,18,3,50,uniform,4,1
12,397,6,4,50,normal,0.5,2
13,30,7,1,50,even_discrete,4,2
14,329,11,1,300,uniform,1,2
15,397,4,4,50,normal,0.5,2
16,547,11,2,50,normal,4,3
17,303,9,1,50,even_discrete,4,1
18,367,3,2,50,normal,2,1
19,391,20,4,50,even_discrete,4,1
20,378,14,3,100,even_discrete,0.5,3
21,44,7,1,300,even_discrete,4,1
22,109,13,1,100,lognormal,2,2
23,417,7,2,50,lognormal,2,1
24,124,14,4,300,lognormal,0.5,3
25,134,4,2,300,even_discrete,2,2
26,81,14,4,50,even_discrete,1,3
27,569,8,4,300,normal,2,1
28,568,14,1,100,even_discrete,1,2
29,281,20,3,50,even_discrete,2,1
30,265,11,1,100,normal,0.5,2
31,558,3,1,300,even_discrete,1,1
32,161,3,4,100,uniform,4,3
33,389,11,4,300,even_discrete,0.5,3
34,217,12,2,300,uniform,1,1
35,267,10,4,300,normal,4,2
36,317,10,2,50,even_discrete,0.5,2
37,165,15,4,300,normal,1,3
38,419,5,4,100,normal,1,1
39,379,5,1,300,uniform,0.5,2
40,248,2,2,50,even_discrete,1,3
41,453,18,4,300,uniform,2,1
42,374,3,4,300,even_discrete,1,2
43,365,6,4,300,uniform,0.5,2
44,423,11,3,300,even_discrete,2,2
45,451,7,2,100,normal,2,1
46,502,20,3,100,uniform,4,2
47,346,4,4,50,normal,2,1
48,288,13,3,50,lognormal,0.5,2
49,566,8,3,100,normal,2,2
50,314,9,1,300,normal,4,1
51,14,20,2,300,uniform,2,1
52,464,10,2,100,lognormal,1,1
53,359,15,1,300,lognormal,4,1
54,461,8,2,100,normal,1,2
55,168,4,2,300,even_discrete,1,1
56,384,2,4,100,even_discrete,1,2
57,225,13,2,300,lognormal,4,1
58,214,2,4,50,lognormal,1,3
59,395,2,2,100,uniform,1,3
60,172,19,1,100,normal,0.5,3
61,393,20,2,300,lognormal,1,3
62,292,5,2,300,normal,4,2
63,427,6,1,50,even_discrete,2,3
64,528,16,4,300,uniform,4,2
65,264,19,1,100,normal,2,1
66,464,14,2,100,lognormal,1,1
67,442,18,3,50,lognormal,0.5,3
68,331,14,3,50,normal,0.5,3
69,395,1,2,100,uniform,1,3
70,265,11,1,100,normal,0.5,2
71,216,6,3,300,uniform,1,3
72,482,1,4,100,lognormal,2,2
73,201,20,3,100,even_discrete,1,2
74,81,8,4,50,even_discrete,1,3
75,229,7,2,50,normal,0.5,3
76,239,6,3,100,normal,0.5,2
77,349,10,4,300,normal,4,1
78,354,5,3,300,uniform,4,3
79,113,10,3,50,uniform,2,3
80,314,14,1,300,normal,4,1
81,439,3,3,50,normal,1,2
82,169,13,2,50,normal,0.5,2
83,173,11,1,100,lognormal,2,3
84,528,2,4,300,uniform,4,2
85,14,18,2,300,uniform,2,1
86,344,14,1,50,even_discrete,1,3
87,266,14,4,300,even_discrete,4,3
88,189,15,3,300,lognormal,0.5,3
89,275,5,4,100,normal,0.5,2
90,338,4,3,300,even_discrete,2,3
91,217,2,2,300,uniform,1,1
92,476,11,3,50,even_discrete,2,3
93,484,3,1,50,normal,0.5,1
94,150,13,4,300,lognormal,0.5,2
95,299,10,2,100,lognormal,0.5,3
96,371,8,2,100,uniform,2,1
97,99,11,1,50,even_discrete,0.5,3
98,89,1,2,100,normal,4,2
99,313,16,4,100,lognormal,1,3
100,52,15,4,100,uniform,0.5,1
101,272,12,4,100,normal,2,1
102,68,5,3,300,normal,1,3
103,458,9,1,300,normal,4,2
104,236,10,2,100,uniform,2,2
105,85,3,1,300,uniform,2,1
106,372,13,2,50,lognormal,1,1
107,161,19,4,100,uniform,4,3
108,93,8,2,300,normal,4,1
109,331,6,3,50,normal,0.5,3
110,27,20,3,50,even_discrete,4,1
111,478,15,1,100,normal,4,2
112,101,18,1,300,even_discrete,0.5,1
113,422,10,2,300,uniform,1,2
114,82,17,2,300,lognormal,1,1
115,19,4,3,300,lognormal,4,3
116,326,13,3,50,even_discrete,0.5,2
117,134,1,2,300,even_discrete,2,2
118,484,14,1,50,normal,0.5,1
119,183,13,1,50,uniform,2,2
120,120,20,1,300,uniform,0.5,1
121,531,2,1,100,lognormal,1,2
122,146,14,2,100,lognormal,2,2
123,441,19,3,50,uniform,2,2
124,178,17,2,100,even_discrete,0.5,1
125,185,16,1,100,uniform,4,3
126,145,20,1,100,even_discrete,4,2
127,251,7,4,50,uniform,0.5,1
128,108,2,2,50,uniform,4,3
129,58,9,1,100,lognormal,4,2
130,125,4,4,100,normal,2,2
131,447,15,1,100,uniform,0.5,1
132,334,12,4,50,lognormal,2,3
133,273,20,3,100,lognormal,2,1
134,538,17,2,300,even_discrete,2,1
135,522,12,2,300,even_discrete,1,2
136,409,6,3,100,lognormal,1,1
137,143,2,3,300,normal,2,3
138,434,10,3,100,lognormal,0.5,3
139,101,8,1,300,even_discrete,0.5,1
140,514,10,3,100,normal,2,1
141,259,12,3,50,lognormal,2,2
142,501,6,1,50,normal,1,2
143,442,8,3,50,lognormal,0.5,3
144,424,9,3,300,even_discrete,4,1
145,167,10,4,50,uniform,2,3
146,236,10,2,100,uniform,2,2
147,336,2,1,50,lognormal,0.5,2
148,146,15,2,100,lognormal,2,2
149,497,3,1,50,even_discrete,4,3
150,110,16,2,300,uniform,0.5,1
151,434,10,3,100,lognormal,0.5,3
152,500,4,4,300,even_discrete,0.5,2
153,307,9,4,50,normal,2,2
154,405,13,2,50,even_discrete,2,1
155,135,2,2,300,normal,1,3
156,7,16,4,50,normal,4,2
157,340,1,3,50,lognormal,2,1
158,509,9,2,300,uniform,4,1
159,297,14,3,100,normal,2,3
160,98,15,4,50,uniform,4,2
1,465,12,2,100,uniform,4,3
2,553,17,4,100,even_discrete,0.5,2
3,312,1,1,50,lognormal,1,1
4,369,13,2,300,lognormal,4,2
5,420,13,2,50,normal,2,3
6,350,1,1,300,uniform,0.5,3
7,362,17,4,50,lognormal,2,2
8,493,12,3,300,normal,2,2
9,113,8,3,50,uniform,2,3
10,280,14,2,50,lognormal,4,3
11,468,1,4,100,normal,2,3
12,451,15,2,100,normal,2,1
13,169,14,2,50,normal,0.5,2
14,353,14,1,100,lognormal,4,3
15,441,19,3,50,uniform,2,2
16,576,14,1,100,even_discrete,0.5,1
17,472,4,2,50,uniform,2,2
18,226,7,4,300,normal,0.5,3
19,172,4,1,100,normal,0.5,3
20,534,11,3,300,lognormal,1,2
21,81,19,4,50,even_discrete,1,3
22,76,2,2,300,normal,0.5,1
23,144,11,1,100,uniform,1,2
24,199,6,2,50,uniform,0.5,1
25,343,13,3,300,uniform,0.5,2
26,250,13,3,100,even_discrete,2,1
27,250,7,3,100,even_discrete,2,1
28,302,2,2,50,even_discrete,2,2
29,325,19,2,100,normal,1,3
30,535,4,3,50,uniform,1,2
31,328,2,3,300,lognormal,4,1
32,38,7,2,100,normal,2,2
33,132,1,4,100,uniform,4,1
34,488,1,1,50,lognormal,1,2
35,38,19,2,100,normal,2,2
36,509,6,2,300,uniform,4,1
37,50,18,2,100,lognormal,1,3
38,371,19,2,100,uniform,2,1
39,323,6,2,50,normal,0.5,1
40,351,11,3,50,lognormal,4,1
41,90,16,3,100,normal,1,1
42,345,14,2,300,normal,0.5,2
43,112,18,4,50,even_discrete,1,2
44,214,3,4,50,lognormal,1,3
45,158,16,4,100,uniform,4,2
46,21,5,3,50,even_discrete,1,3
47,57,8,4,50,lognormal,4,1
48,182,1,2,50,even_discrete,2,3
49,399,10,4,100,lognormal,0.5,1
50,535,14,3,50,uniform,1,2
51,559,8,4,100,even_discrete,1,1
52,363,8,4,300,lognormal,4,2
53,311,16,4,50,lognormal,0.5,3
54,528,1,4,300,uniform,4,2
55,501,6,1,50,normal,1,2
56,124,8,4,300,lognormal,0.5,3
57,303,11,1,50,even_discrete,4,1
58,247,18,1,50,uniform,4,1
59,291,3,3,300,normal,1,2
60,192,6,3,300,normal,2,1
61,449,2,3,300,even_discrete,0.5,1
62,342,18,4,100,uniform,2,2
63,571,14,1,300,lognormal,4,3
64,6,9,1,100,uniform,1,1
65,432,12,2,300,uniform,4,3
66,365,19,4,300,uniform,0.5,2
67,483,11,1,50,uniform,2,3
68,280,10,2,50,lognormal,4,3
69,249,19,1,300,lognormal,2,1
70,92,17,2,100,even_discrete,1,2
71,572,9,2,100,normal,4,1
72,107,17,1,300,lognormal,1,3
73,335,7,2,50,normal,1,3
74,124,3,4,300,lognormal,0.5,3
75,468,17,4,100,normal,2,3
76,344,4,1,50,even_discrete,1,3
77,469,16,2,50,uniform,1,1
78,417,1,2,50,lognormal,2,1
79,20,18,2,50,even_discrete,1,2
80,189,4,3,300,lognormal,0.5,3
81,549,8,1,300,lognormal,0.5,1
82,327,1,4,300,normal,1,1
83,335,2,2,50,normal,1,3
84,346,1,4,50,normal,2,1
85,119,20,1,50,uniform,4,3
86,280,10,2,50,lognormal,4,3
87,541,1,1,100,lognormal,4,1
88,5,7,1,100,uniform,0.5,2
89,571,8,1,300,lognormal,4,3
90,137,12,2,50,lognormal,0.5,1
91,360,11,3,100,uniform,0.5,3
92,539,8,1,300,even_discrete,1,2
93,95,1,4,50,lognormal,1,2
94,44,15,1,300,even_discrete,4,1
95,130,7,4,100,even_discrete,4,1
96,200,16,1,50,uniform,0.5,2
97,14,13,2,300,uniform,2,1
98,469,14,2,50,uniform,1,1
99,341,2,1,300,uniform,2,3
100,319,17,4,300,normal,1,2
101,258,10,4,300,lognormal,4,1
102,549,1,1,300,lognormal,0.5,1
103,338,18,3,300,even_discrete,2,3
104,318,7,3,50,uniform,1,3
105,138,2,3,300,lognormal,4,2
106,556,16,4,300,uniform,1,3
107,319,20,4,300,normal,1,2
108,276,2,1,300,uniform,2,2
109,147,12,1,300,lognormal,0.5,2
110,100,5,1,100,even_discrete,1,3
111,147,13,1,300,lognormal,0.5,2
112,372,19,2,50,lognormal,1,1
113,190,1,4,300,lognormal,2,1
114,32,12,3,300,even_discrete,0.5,2
115,561,3,1,100,lognormal,0.5,1
116,57,20,4,50,lognormal,4,1
117,379,18,1,300,uniform,0.5,2
118,500,6,4,300,even_discrete,0.5,2
119,207,5,2,50,normal,4,1
120,59,13,2,50,even_discrete,4,1
121,383,20,2,300,normal,1,2
122,191,13,3,100,uniform,1,2
123,532,12,1,300,even_discrete,2,2
124,240,19,3,50,normal,0.5,2
125,554,14,1,50,even_discrete,2,2
126,146,2,2,100,lognormal,2,2
127,12,2,2,100,even_discrete,2,3
128,76,19,2,300,normal,0.5,1
129,87,14,2,300,lognormal,2,3
130,396,20,2,100,uniform,1,1
131,453,12,4,300,uniform,2,1
132,514,20,3,100,normal,2,1
133,4,1,4,100,uniform,0.5,3
134,482,10,4,100,lognormal,2,2
135,247,11,1,50,uniform,4,1
136,81,20,4,50,even_discrete,1,3
137,554,17,1,50,even_discrete,2,2
138,324,16,3,50,normal,1,3
139,68,9,3,300,normal,1,3
140,59,14,2,50,even_discrete,4,1
141,24,17,3,300,uniform,1,2
142,93,9,2,300,normal,4,1
143,547,16,2,50,normal,4,3
144,576,18,1,100,even_discrete,0.5,1
145,116,15,2,50,lognormal,0.5,2
146,574,5,1,300,uniform,1,1
147,217,6,2,300,uniform,1,1
148,90,2,3,100,normal,1,1
149,367,4,2,50,normal,2,1
150,479,6,1,100,normal,1,3
151,107,17,1,300,lognormal,1,3
152,329,11,1,300,uniform,1,2
153,115,20,3,300,lognormal,1,1
154,297,20,3,100,normal,2,3
155,234,16,4,300,even_discrete,2,2
156,203,20,2,50,lognormal,1,2
157,313,4,4,100,lognormal,1,3
158,245,12,1,100,uniform,2,1
159,171,10,4,50,even_discrete,2,2
160,99,4,1,50,even_discrete,0.5,3
1,306,7,1,300,normal,2,3
2,40,5,1,50,normal,4,3
3,152,10,1,100,normal,4,1
4,430,20,3,100,lognormal,0.5,2
5,543,2,4,300,normal,0.5,2
6,424,17,3,300,even_discrete,4,1
7,101,15,1,300,even_discrete,0.5,1
8,370,10,1,50,uniform,0.5,1
9,10,18,4,300,even_discrete,1,1
10,387,5,2,100,uniform,0.5,3
11,477,8,1,50,lognormal,2,2
12,65,5,3,100,lognormal,1,2
13,441,8,3,50,uniform,2,2
14,381,1,4,300,normal,0.5,1
15,154,15,4,300,uniform,4,1
16,333,13,4,50,lognormal,0.5,1
17,389,11,4,300,even_discrete,0.5,3
18,224,6,3,300,lognormal,2,1
19,153,17,4,100,lognormal,1,1
20,144,1,1,100,uniform,1,2
21,24,3,3,300,uniform,1,2
22,191,9,3,100,uniform,1,2
23,514,16,3,100,normal,2,1
24,291,12,3,300,normal,1,2
25,265,1,1,100,normal,0.5,2
26,119,4,1,50,uniform,4,3
27,422,19,2,300,uniform,1,2
28,563,9,4,100,normal,4,2
29,5,6,1,100,uniform,0.5,2
30,569,6,4,300,normal,2,1
31,521,8,4,300,normal,2,3
32,460,5,3,300,even_discrete,4,3
33,293,17,3,300,normal,1,1
34,352,13,4,300,even_discrete,4,1
35,452,17,1,100,even_discrete,0.5,2
36,381,18,4,300,normal,0.5,1
37,88,11,3,100,uniform,2,3
38,382,1,3,50,lognormal,1,3
39,378,1,3,100,even_discrete,0.5,3
40,355,14,4,300,uniform,1,2
41,197,2,4,100,lognormal,4,1
42,455,12,1,50,uniform,1,1
43,94,14,3,300,even_discrete,4,2
44,166,5,2,50,uniform,2,3
45,200,20,1,50,uniform,0.5,2
46,276,13,1,300,uniform,2,2
47,532,17,1,300,even_discrete,2,2
48,386,15,1,100,normal,0.5,1
49,309,20,3,300,uniform,4,1
50,375,11,1,50,even_discrete,0.5,1
51,357,1,3,100,uniform,4,3
52,300,18,1,300,uniform,1,3
53,131,14,3,300,uniform,2,3
54,414,14,2,300,even_discrete,0.5,3
55,368,14,3,300,lognormal,0.5,1
56,240,16,3,50,normal,0.5,2
57,485,14,2,100,even_discrete,0.5,3
58,517,9,3,100,even_discrete,1,1
59,410,6,1,300,even_discrete,2,3
60,422,13,2,300,uniform,1,2
61,502,14,3,100,uniform,4,2
62,50,4,2,100,lognormal,1,3
63,404,2,2,300,uniform,1,3
64,47,20,4,100,lognormal,2,1
65,80,16,4,300,even_discrete,2,3
66,489,1,1,100,even_discrete,0.5,3
67,11,10,1,100,normal,1,2
68,150,20,4,300,lognormal,0.5,2
69,339,2,3,300,uniform,0.5,1
70,319,14,4,300,normal,1,2
71,98,10,4,50,uniform,4,2
72,213,8,2,300,normal,2,2
73,330,15,1,100,uniform,0.5,3
74,432,13,2,300,uniform,4,3
75,191,15,3,100,uniform,1,2
76,420,19,2,50,normal,2,3
77,264,19,1,100,normal,2,1
78,269,4,4,50,uniform,1,1
79,306,7,1,300,normal,2,3
80,33,5,3,50,even_discrete,4,2
81,234,20,4,300,even_discrete,2,2
82,483,6,1,50,uniform,2,3
83,559,10,4,100,even_discrete,1,1
84,312,5,1,50,lognormal,1,1
85,112,4,4,50,even_discrete,1,2
86,544,3,2,100,uniform,0.5,1
87,38,9,2,100,normal,2,2
88,490,2,4,100,even_discrete,2,1
89,51,14,3,300,uniform,0.5,3
90,344,20,1,50,even_discrete,1,3
91,507,16,3,300,normal,4,3
92,564,17,4,50,normal,0.5,1
93,476,8,3,50,even_discrete,2,3
94,383,12,2,300,normal,1,2
95,9,4,1,50,even_discrete,1,1
96,27,4,3,50,even_discrete,4,1
97,286,5,3,50,uniform,1,1
98,240,10,3,50,normal,0.5,2
99,139,18,2,300,normal,1,1
100,297,8,3,100,normal,2,3
101,433,7,1,300,even_discrete,0.5,3
102,188,19,1,100,even_discrete,2,3
103,36,12,1,100,lognormal,2,1
104,30,1,1,50,even_discrete,4,2
105,523,8,2,300,even_discrete,0.5,1
106,538,6,2,300,even_discrete,2,1
107,174,16,1,300,even_discrete,2,1
108,565,10,2,50,uniform,1,3
109,556,7,4,300,uniform,1,3
110,125,7,4,100,normal,2,2
111,156,8,4,100,even_discrete,2,2
112,68,11,3,300,normal,1,3
113,420,16,2,50,normal,2,3
114,443,10,3,50,normal,2,3
115,380,12,1,300,normal,1,2
116,398,1,3,100,normal,1,2
117,104,5,4,100,lognormal,2,3
118,499,13,2,300,uniform,4,2
119,156,10,4,100,even_discrete,2,2
120,88,11,3,100,uniform,2,3
121,459,16,3,50,lognormal,4,3
122,341,9,1,300,uniform,2,3
123,214,4,4,50,lognormal,1,3
124,497,18,1,50,even_discrete,4,3
125,126,11,3,100,normal,0.5,3
126,574,4,1,300,uniform,1,1
127,30,6,1,50,even_discrete,4,2
128,171,7,4,50,even_discrete,2,2
129,90,5,3,100,normal,1,1
130,576,6,1,100,even_discrete,0.5,1
131,179,20,2,300,lognormal,0.5,1
132,256,3,2,100,uniform,1,2
133,318,10,3,50,uniform,1,3
134,216,2,3,300,uniform,1,3
135,377,16,4,100,normal,1,3
136,186,14,2,50,uniform,4,1
137,499,11,2,300,uniform,4,2
138,232,19,4,50,uniform,0.5,2
139,83,6,3,100,uniform,0.5,2
140,575,12,4,100,even_discrete,0.5,1
141,130,8,4,100,even_discrete,4,1
142,137,18,2,50,lognormal,0.5,1
143,275,15,4,100,normal,0.5,2
144,411,17,2,300,lognormal,2,1
145,176,13,2,100,normal,1,1
146,553,2,4,100,even_discrete,0.5,2
147,503,5,4,300,lognormal,2,2
148,130,16,4,100,even_discrete,4,1
149,528,20,4,300,uniform,4,2
150,267,7,4,300,normal,4,2
151,389,15,4,300,even_discrete,0.5,3
152,544,15,2,100,uniform,0.5,1
153,14,13,2,300,uniform,2,1
154,251,14,4,50,uniform,0.5,1
155,79,11,1,100,even_discrete,4,1
156,74,13,1,50,even_discrete,0.5,2
157,480,13,1,100,even_discrete,2,1
158,524,15,4,100,even_discrete,0.5,3
159,100,19,1,100,even_discrete,1,3
160,439,16,3,50,normal,1,2
1,203,16,2,50,lognormal,1,2
2,551,19,3,100,lognormal,2,3
3,381,15,4,300,normal,0.5,1
4,257,15,1,50,normal,0.5,3
5,274,11,2,100,lognormal,4,3
6,42,12,4,50,uniform,1,2
7,151,1,4,100,even_discrete,1,3
8,416,14,4,50,lognormal,4,2
9,544,14,2,100,uniform,0.5,1
10,267,7,4,300,normal,4,2
11,329,20,1,300,uniform,1,2
12,408,14,2,300,lognormal,0.5,3
13,300,13,1,300,uniform,1,3
14,199,3,2,50,uniform,0.5,1
15,394,2,3,100,even_discrete,4,1
16,407,6,3,300,lognormal,2,3
17,563,19,4,100,normal,4,2
18,541,9,1,100,lognormal,4,1
19,138,15,3,300,lognormal,4,2
20,397,15,4,50,normal,0.5,2
21,516,2,4,100,lognormal,4,3
22,440,12,4,300,even_discrete,2,1
23,194,17,3,300,lognormal,0.5,2
24,130,20,4,100,even_discrete,4,1
25,116,10,2,50,lognormal,0.5,2
26,19,10,3,300,lognormal,4,3
27,206,3,4,50,lognormal,0.5,2
28,115,20,3,300,lognormal,1,1
29,513,13,3,300,uniform,4,2
30,92,13,2,100,even_discrete,1,2
31,54,9,3,50,even_discrete,0.5,3
32,438,2,2,50,lognormal,4,1
33,370,13,1,50,uniform,0.5,1
34,297,17,3,100,normal,2,3
35,91,2,4,50,even_discrete,2,1
36,490,7,4,100,even_discrete,2,1
37,21,9,3,50,even_discrete,1,3
38,120,13,1,300,uniform,0.5,1
39,165,10,4,300,normal,1,3
40,241,7,1,100,lognormal,1,3
41,491,10,2,50,uniform,1,2
42,516,10,4,100,lognormal,4,3
43,6,5,1,100,uniform,1,1
44,37,4,3,100,normal,0.5,1
45,34,18,3,50,lognormal,1,2
46,496,8,4,50,lognormal,2,1
47,142,11,4,100,uniform,1,3
48,170,5,1,300,lognormal,1,2
49,302,16,2,50,even_discrete,2,2
50,151,7,4,100,even_discrete,1,3
51,496,11,4,50,lognormal,2,1
52,441,4,3,50,uniform,2,2
53,409,20,3,100,lognormal,1,1
54,184,10,3,100,lognormal,4,3
55,576,13,1,100,even_discrete,0.5,1
56,110,4,2,300,uniform,0.5,1
57,307,8,4,50,normal,2,2
58,212,11,2,300,even_discrete,2,3
59,169,13,2,50,normal,0.5,2
60,347,10,2,50,lognormal,0.5,3
61,73,6,4,50,uniform,2,2
62,322,10,3,50,uniform,0.5,3
63,130,13,4,100,even_discrete,4,1
64,425,15,3,50,lognormal,0.5,1
65,318,9,3,50,uniform,1,3
66,29,7,3,50,uniform,4,3
67,10,8,4,300,even_discrete,1,1
68,5,12,1,100,uniform,0.5,2
69,405,17,2,50,even_discrete,2,1
70,443,18,3,50,normal,2,3
71,54,7,3,50,even_discrete,0.5,3
72,122,12,4,50,normal,4,1
73,70,13,1,300,even_discrete,4,3
74,385,2,3,100,normal,4,3
75,522,5,2,300,even_discrete,1,2
76,1,17,2,300,lognormal,4,3
77,281,20,3,50,even_discrete,2,1
78,105,19,4,100,normal,0.5,3
79,444,4,2,100,lognormal,2,1
80,39,3,3,100,uniform,2,2
81,438,2,2,50,lognormal,4,1
82,343,20,3,300,uniform,0.5,2
83,19,12,3,300,lognormal,4,3
84,239,12,3,100,normal,0.5,2
85,191,17,3,100,uniform,1,2
86,291,13,3,300,normal,1,2
87,486,17,3,50,normal,4,1
88,385,17,3,100,normal,4,3
89,428,15,4,50,uniform,4,3
90,173,3,1,100,lognormal,2,3
91,402,10,2,50,even_discrete,0.5,1
92,36,7,1,100,lognormal,2,1
93,71,16,4,100,even_discrete,4,3
94,42,8,4,50,uniform,1,2
95,429,13,3,300,normal,4,1
96,407,15,3,300,lognormal,2,3
97,308,7,4,300,lognormal,1,1
98,262,4,1,300,lognormal,2,3
99,133,11,1,50,lognormal,4,3
100,416,19,4,50,lognormal,4,2
101,322,2,3,50,uniform,0.5,3
102,396,4,2,100,uniform,1,1
103,167,1,4,50,uniform,2,3
104,143,19,3,300,normal,2,3
105,105,17,4,100,normal,0.5,3
106,48,4,2,100,normal,0.5,2
107,455,4,1,50,uniform,1,1
108,252,6,2,100,lognormal,0.5,1
109,554,3,1,50,even_discrete,2,2
110,570,11,3,300,uniform,1,1
111,344,9,1,50,even_discrete,1,3
112,430,10,3,100,lognormal,0.5,2
113,366,4,1,100,normal,1,1
114,142,6,4,100,uniform,1,3
115,158,1,4,100,uniform,4,2
116,543,10,4,300,normal,0.5,2
117,481,6,1,50,normal,4,1
118,83,7,3,100,uniform,0.5,2
119,570,3,3,300,uniform,1,1
120,377,4,4,100,normal,1,3
121,62,5,4,50,even_discrete,0.5,2
122,53,15,1,50,lognormal,4,1
123,541,13,1,100,lognormal,4,1
124,264,10,1,100,normal,2,1
125,94,1,3,300,even_discrete,4,2
126,425,12,3,50,lognormal,0.5,1
127,143,17,3,300,normal,2,3
128,444,4,2,100,lognormal,2,1
129,186,12,2,50,uniform,4,1
130,224,13,3,300,lognormal,2,1
131,294,4,1,50,normal,2,2
132,2,1,3,50,even_discrete,1,1
133,225,19,2,300,lognormal,4,1
134,62,5,4,50,even_discrete,0.5,2
135,504,10,3,100,lognormal,4,2
136,87,2,2,300,lognormal,2,3
137,413,16,4,100,uniform,1,2
138,234,14,4,300,even_discrete,2,2
139,347,1,2,50,lognormal,0.5,3
140,267,4,4,300,normal,4,2
141,32,1,3,300,even_discrete,0.5,2
142,566,2,3,100,normal,2,2
143,6,6,1,100,uniform,1,1
144,270,8,3,50,uniform,0.5,1
145,51,2,3,300,uniform,0.5,3
146,137,3,2,50,lognormal,0.5,1
147,149,13,3,100,even_discrete,2,3
148,255,13,2,300,even_discrete,0.5,2
149,559,10,4,100,even_discrete,1,1
150,248,4,2,50,even_discrete,1,3
151,164,8,4,50,normal,1,3
152,335,10,2,50,normal,1,3
153,378,12,3,100,even_discrete,0.5,3
154,404,16,2,300,uniform,1,3
155,277,12,4,50,lognormal,4,3
156,517,7,3,100,even_discrete,1,1
157,251,17,4,50,uniform,0.5,1
158,323,2,2,50,normal,0.5,1
159,530,2,1,300,normal,0.5,2
160,153,5,4,100,lognormal,1,1
1,490,13,4,100,even_discrete,2,1
2,107,1,1,300,lognormal,1,3
3,24,17,3,300,uniform,1,2
4,91,16,4,50,even_discrete,2,1
5,210,18,1,100,uniform,2,2
6,425,4,3,50,lognormal,0.5,1
7,204,12,3,100,normal,4,1
8,169,1,2,50,normal,0.5,2
9,480,7,1,100,even_discrete,2,1
10,26,16,1,50,even_discrete,2,1
11,76,11,2,300,normal,0.5,1
12,300,16,1,300,uniform,1,3
13,473,15,4,300,normal,4,3
14,21,15,3,50,even_discrete,1,3
15,461,12,2,100,normal,1,2
16,422,2,2,300,uniform,1,2
17,531,5,1,100,lognormal,1,2
18,178,13,2,100,even_discrete,0.5,1
19,523,9,2,300,even_discrete,0.5,1
20,26,5,1,50,even_discrete,2,1
21,454,18,2,100,normal,0.5,3
22,119,16,1,50,uniform,4,3
23,349,9,4,300,normal,4,1
24,78,8,3,100,uniform,2,1
25,567,11,4,50,uniform,1,3
26,180,17,1,300,normal,0.5,3
27,183,9,1,50,uniform,2,2
28,117,12,1,300,normal,2,2
29,53,14,1,50,lognormal,4,1
30,170,17,1,300,lognormal,1,2
31,148,14,2,50,lognormal,2,3
32,200,17,1,50,uniform,0.5,2
33,207,20,2,50,normal,4,1
34,517,6,3,100,even_discrete,1,1
35,118,15,1,50,lognormal,1,3
36,136,8,3,100,normal,4,2
37,362,17,4,50,lognormal,2,2
38,233,7,2,50,even_discrete,4,2
39,277,13,4,50,lognormal,4,3
40,236,3,2,100,uniform,2,2
41,30,3,1,50,even_discrete,4,2
42,31,2,3,100,even_discrete,2,2
43,434,11,3,100,lognormal,0.5,3
44,230,12,1,100,uniform,4,1
45,79,3,1,100,even_discrete,4,1
46,38,2,2,100,normal,2,2
47,179,2,2,300,lognormal,0.5,1
48,93,19,2,300,normal,4,1
49,455,3,1,50,uniform,1,1
50,525,10,2,100,uniform,4,1
51,547,6,2,50,normal,4,3
52,303,9,1,50,even_discrete,4,1
53,125,12,4,100,normal,2,2
54,166,5,2,50,uniform,2,3
55,78,17,3,100,uniform,2,1
56,185,13,1,100,uniform,4,3
57,413,7,4,100,uniform,1,2
58,196,15,4,300,uniform,0.5,1
59,295,4,1,50,uniform,4,2
60,344,14,1,50,even_discrete,1,3
61,11,19,1,100,normal,1,2
62,164,14,4,50,normal,1,3
63,360,1,3,100,uniform,0.5,3
64,548,12,1,50,normal,4,2
65,97,10,4,50,normal,4,3
66,362,3,4,50,lognormal,2,2
67,285,2,2,300,uniform,0.5,3
68,468,7,4,100,normal,2,3
69,315,14,1,50,normal,1,1
70,359,8,1,300,lognormal,4,1
71,359,12,1,300,lognormal,4,1
72,318,11,3,50,uniform,1,3
73,15,19,2,300,uniform,2,2
74,111,16,1,100,lognormal,1,1
75,328,19,3,300,lognormal,4,1
76,196,14,4,300,uniform,0.5,1
77,454,12,2,100,normal,0.5,3
78,177,15,2,100,even_discrete,4,1
79,452,16,1,100,even_discrete,0.5,2
80,105,17,4,100,normal,0.5,3
81,144,5,1,100,uniform,1,2
82,132,12,4,100,uniform,4,1
83,521,13,4,300,normal,2,3
84,177,14,2,100,even_discrete,4,1
85,36,14,1,100,lognormal,2,1
86,128,5,1,300,lognormal,0.5,3
87,99,5,1,50,even_discrete,0.5,3
88,472,13,2,50,uniform,2,2
89,74,6,1,50,even_discrete,0.5,2
90,552,19,4,100,normal,0.5,1
91,340,9,3,50,lognormal,2,1
92,158,15,4,100,uniform,4,2
93,176,12,2,100,normal,1,1
94,66,2,3,50,lognormal,4,2
95,212,11,2,300,even_discrete,2,3
96,406,13,2,300,normal,4,3
97,314,10,1,300,normal,4,1
98,309,18,3,300,uniform,4,1
99,270,1,3,50,uniform,0.5,1
100,87,18,2,300,lognormal,2,3
101,302,6,2,50,even_discrete,2,2
102,376,17,4,50,even_discrete,4,2
103,8,2,2,50,lognormal,4,2
104,363,11,4,300,lognormal,4,2
105,456,19,1,100,even_discrete,1,1
106,273,9,3,100,lognormal,2,1
107,233,17,2,50,even_discrete,4,2
108,456,7,1,100,even_discrete,1,1
109,114,11,1,100,normal,4,3
110,304,3,4,300,lognormal,4,3
111,259,20,3,50,lognormal,2,2
112,563,13,4,100,normal,4,2
113,52,14,4,100,uniform,0.5,1
114,511,13,1,100,even_discrete,2,2
115,148,16,2,50,lognormal,2,3
116,224,19,3,300,lognormal,2,1
117,471,20,4,50,even_discrete,0.5,3
118,157,12,4,100,normal,1,2
119,147,4,1,300,lognormal,0.5,2
120,415,15,2,300,lognormal,2,2
121,154,18,4,300,uniform,4,1
122,510,17,2,50,normal,1,2
123,553,15,4,100,even_discrete,0.5,2
124,304,2,4,300,lognormal,4,3
125,298,4,1,300,normal,1,1
126,258,1,4,300,lognormal,4,1
127,179,11,2,300,lognormal,0.5,1
128,506,14,3,100,uniform,0.5,1
129,54,17,3,50,even_discrete,0.5,3
130,266,18,4,300,even_discrete,4,3
131,181,2,4,50,lognormal,1,1
132,532,13,1,300,even_discrete,2,2
133,80,15,4,300,even_discrete,2,3
134,16,13,3,50,normal,2,2
135,148,5,2,50,lognormal,2,3
136,381,9,4,300,normal,0.5,1
137,178,15,2,100,even_discrete,0.5,1
138,217,6,2,300,uniform,1,1
139,548,10,1,50,normal,4,2
140,549,16,1,300,lognormal,0.5,1
141,479,16,1,100,normal,1,3
142,353,5,1,100,lognormal,4,3
143,475,12,2,100,even_discrete,2,2
144,416,12,4,50,lognormal,4,2
145,117,3,1,300,normal,2,2
146,439,11,3,50,normal,1,2
147,487,20,2,100,lognormal,4,2
148,195,17,3,300,uniform,2,1
149,487,11,2,100,lognormal,4,2
150,527,17,1,50,lognormal,0.5,3
151,33,9,3,50,even_discrete,4,2
152,96,14,3,50,even_discrete,2,2
153,132,10,4,100,uniform,4,1
154,70,2,1,300,even_discrete,4,3
155,163,15,2,100,uniform,2,3
156,237,3,1,100,normal,2,2
157,521,2,4,300,normal,2,3
158,57,7,4,50,lognormal,4,1
159,238,6,2,300,lognormal,1,2
160,572,12,2,100,normal,4,1
1,120,18,1,300,uniform,0.5,1
2,330,14,1,100,uniform,0.5,3
3,410,19,1,300,even_discrete,2,3
4,20,8,2,50,even_discrete,1,2
5,246,7,2,100,even_discrete,0.5,2
6,91,2,4,50,even_discrete,2,1
7,210,13,1,100,uniform,2,2
8,368,2,3,300,lognormal,0.5,1
9,353,2,1,100,lognormal,4,3
10,502,18,3,100,uniform,4,2
11,481,19,1,50,normal,4,1
12,492,11,2,300,even_discrete,4,3
13,411,20,2,300,lognormal,2,1
14,486,19,3,50,normal,4,1
15,218,16,3,100,lognormal,0.5,1
16,69,4,1,300,lognormal,4,2
17,284,16,2,100,even_discrete,1,1
18,360,11,3,100,uniform,0.5,3
19,196,10,4,300,uniform,0.5,1
20,53,8,1,50,lognormal,4,1
21,447,5,1,100,uniform,0.5,1
22,467,7,2,100,even_discrete,4,2
23,453,1,4,300,uniform,2,1
24,437,18,2,100,lognormal,1,2
25,119,2,1,50,uniform,4,3
26,570,12,3,300,uniform,1,1
27,233,11,2,50,even_discrete,4,2
28,432,10,2,300,uniform,4,3
29,28,9,4,100,uniform,2,3
30,373,10,3,300,normal,4,2
31,535,11,3,50,uniform,1,2
32,324,9,3,50,normal,1,3
33,307,9,4,50,normal,2,2
34,104,11,4,100,lognormal,2,3
35,232,11,4,50,uniform,0.5,2
36,50,2,2,100,lognormal,1,3
37,251,4,4,50,uniform,0.5,1
38,568,8,1,100,even_discrete,1,2
39,174,8,1,300,even_discrete,2,1
40,452,13,1,100,even_discrete,0.5,2
41,564,17,4,50,normal,0.5,1
42,163,4,2,100,uniform,2,3
43,188,3,1,100,even_discrete,2,3
44,272,19,4,100,normal,2,1
45,285,5,2,300,uniform,0.5,3
46,67,12,3,300,normal,0.5,3
47,166,15,2,50,uniform,2,3
48,505,9,2,300,uniform,0.5,2
49,34,19,3,50,lognormal,1,2
50,155,12,2,100,lognormal,0.5,2
51,121,10,3,50,normal,0.5,1
52,243,15,2,50,normal,4,2
53,467,8,2,100,even_discrete,4,2
54,257,4,1,50,normal,0.5,3
55,465,8,2,100,uniform,4,3
56,306,1,1,300,normal,2,3
57,339,17,3,300,uniform,0.5,1
58,446,12,4,50,even_discrete,4,3
59,312,18,1,50,lognormal,1,1
60,27,9,3,50,even_discrete,4,1
61,559,7,4,100,even_discrete,1,1
62,466,15,1,50,normal,2,1
63,486,18,3,50,normal,4,1
64,129,6,4,50,even_discrete,0.5,1
65,211,14,1,50,uniform,0.5,3
66,466,10,1,50,normal,2,1
67,286,15,3,50,uniform,1,1
68,461,11,2,100,normal,1,2
69,116,20,2,50,lognormal,0.5,2
70,410,20,1,300,even_discrete,2,3
71,440,8,4,300,even_discrete,2,1
72,425,18,3,50,lognormal,0.5,1
73,209,3,1,300,lognormal,1,1
74,296,6,1,50,normal,0.5,2
75,290,10,2,300,uniform,2,3
76,165,2,4,300,normal,1,3
77,153,8,4,100,lognormal,1,1
78,321,18,1,100,uniform,2,3
79,132,19,4,100,uniform,4,1
80,404,7,2,300,uniform,1,3
81,45,12,3,100,even_discrete,0.5,1
82,66,19,3,50,lognormal,4,2
83,180,7,1,300,normal,0.5,3
84,151,15,4,100,even_discrete,1,3
85,136,1,3,100,normal,4,2
86,503,1,4,300,lognormal,2,2
87,390,4,1,50,uniform,1,2
88,2,18,3,50,even_discrete,1,1
89,491,13,2,50,uniform,1,2
90,185,11,1,100,uniform,4,3
91,332,17,1,50,normal,1,3
92,138,18,3,300,lognormal,4,2
93,245,17,1,100,uniform,2,1
94,294,7,1,50,normal,2,2
95,120,8,1,300,uniform,0.5,1
96,414,5,2,300,even_discrete,0.5,3
97,48,8,2,100,normal,0.5,2
98,370,2,1,50,uniform,0.5,1
99,187,13,2,50,lognormal,2,2
100,414,11,2,300,even_discrete,0.5,3
101,382,19,3,50,lognormal,1,3
102,215,14,2,100,lognormal,4,1
103,324,3,3,50,normal,1,3
104,36,20,1,100,lognormal,2,1
105,50,20,2,100,lognormal,1,3
106,560,7,4,100,lognormal,4,2
107,121,5,3,50,normal,0.5,1
108,125,1,4,100,normal,2,2
109,186,5,2,50,uniform,4,1
110,350,19,1,300,uniform,0.5,3
111,108,14,2,50,uniform,4,3
112,193,5,2,100,even_discrete,2,1
113,511,13,1,100,even_discrete,2,2
114,391,9,4,50,even_discrete,4,1
115,284,9,2,100,even_discrete,1,1
116,49,8,1,300,normal,4,3
117,510,19,2,50,normal,1,2
118,104,20,4,100,lognormal,2,3
119,289,14,2,300,even_discrete,1,3
120,373,10,3,300,normal,4,2
121,408,12,2,300,lognormal,0.5,3
122,198,7,4,50,uniform,4,1
123,136,16,3,100,normal,4,2
124,241,15,1,100,lognormal,1,3
125,225,20,2,300,lognormal,4,1
126,386,14,1,100,normal,0.5,1
127,209,20,1,300,lognormal,1,1
128,237,17,1,100,normal,2,2
129,20,19,2,50,even_discrete,1,2
130,127,12,2,300,lognormal,0.5,2
131,400,11,3,50,even_discrete,0.5,1
132,200,9,1,50,uniform,0.5,2
133,327,6,4,300,normal,1,1
134,547,7,2,50,normal,4,3
135,376,20,4,50,even_discrete,4,2
136,329,7,1,300,uniform,1,2
137,519,14,3,100,even_discrete,4,2
138,363,13,4,300,lognormal,4,2
139,567,15,4,50,uniform,1,3
140,14,1,2,300,uniform,2,1
141,227,10,2,300,normal,2,3
142,236,16,2,100,uniform,2,2
143,263,1,4,300,uniform,2,2
144,536,2,1,50,normal,2,3
145,69,5,1,300,lognormal,4,2
146,506,9,3,100,uniform,0.5,1
147,366,15,1,100,normal,1,1
148,539,12,1,300,even_discrete,1,2
149,378,18,3,100,even_discrete,0.5,3
150,496,14,4,50,lognormal,2,1
151,187,1,2,50,lognormal,2,2
152,470,3,3,300,normal,0.5,2
153,429,8,3,300,normal,4,1
154,545,5,2,300,normal,0.5,3
155,409,17,3,100,lognormal,1,1
156,185,12,1,100,uniform,4,3
157,207,16,2,50,normal,4,1
158,340,16,3,50,lognormal,2,1
159,556,8,4,300,uniform,1,3
160,430,7,3,100,lognormal,0.5,2
1,129,19,4,50,even_discrete,0.5,1
2,15,12,2,300,uniform,2,2
3,503,13,4,300,lognormal,2,2
4,97,10,4,50,normal,4,3
5,86,16,3,50,uniform,0.5,2
6,398,5,3,100,normal,1,2
7,105,6,4,100,normal,0.5,3
8,221,15,3,100,uniform,1,1
9,449,6,3,300,even_discrete,0.5,1
10,575,10,4,100,even_discrete,0.5,1
11,290,3,2,300,uniform,2,3
12,339,13,3,300,uniform,0.5,1
13,41,18,4,100,uniform,0.5,2
14,99,20,1,50,even_discrete,0.5,3
15,308,5,4,300,lognormal,1,1
16,475,1,2,100,even_discrete,2,2
17,345,8,2,300,normal,0.5,2
18,321,10,1,100,uniform,2,3
19,570,6,3,300,uniform,1,1
20,192,4,3,300,normal,2,1
21,373,13,3,300,normal,4,2
22,339,11,3,300,uniform,0.5,1
23,353,8,1,100,lognormal,4,3
24,547,3,2,50,normal,4,3
25,459,12,3,50,lognormal,4,3
26,557,19,4,300,lognormal,0.5,1
27,40,14,1,50,normal,4,3
28,33,18,3,50,even_discrete,4,2
29,100,2,1,100,even_discrete,1,3
30,495,18,2,50,uniform,2,1
31,183,18,1,50,uniform,2,2
32,95,4,4,50,lognormal,1,2
33,480,7,1,100,even_discrete,2,1
34,39,14,3,100,uniform,2,2
35,396,20,2,100,uniform,1,1
36,355,1,4,300,uniform,1,2
37,133,13,1,50,lognormal,4,3
38,503,16,4,300,lognormal,2,2
39,20,16,2,50,even_discrete,1,2
40,339,1,3,300,uniform,0.5,1
41,254,9,1,300,normal,2,1
42,90,7,3,100,normal,1,1
43,334,9,4,50,lognormal,2,3
44,352,7,4,300,even_discrete,4,1
45,281,12,3,50,even_discrete,2,1
46,512,16,4,50,uniform,0.5,3
47,382,6,3,50,lognormal,1,3
48,258,7,4,300,lognormal,4,1
49,369,12,2,300,lognormal,4,2
50,170,17,1,300,lognormal,1,2
51,58,13,1,100,lognormal,4,2
52,573,11,2,100,uniform,0.5,2
53,508,1,3,100,even_discrete,0.5,2
54,496,17,4,50,lognormal,2,1
55,440,9,4,300,even_discrete,2,1
56,570,3,3,300,uniform,1,1
57,518,18,3,50,uniform,4,1
58,256,14,2,100,uniform,1,2
59,368,5,3,300,lognormal,0.5,1
60,260,1,4,50,normal,1,2
61,477,13,1,50,lognormal,2,2
62,517,12,3,100,even_discrete,1,1
63,124,10,4,300,lognormal,0.5,3
64,1,5,2,300,lognormal,4,3
65,287,8,4,100,lognormal,0.5,3
66,368,6,3,300,lognormal,0.5,1
67,99,1,1,50,even_discrete,0.5,3
68,357,8,3,100,uniform,4,3
69,33,15,3,50,even_discrete,4,2
70,537,15,4,300,uniform,0.5,3
71,515,2,4,50,normal,1,1
72,384,9,4,100,even_discrete,1,2
73,340,18,3,50,lognormal,2,1
74,462,4,3,100,lognormal,2,2
75,352,4,4,300,even_discrete,4,1
76,356,5,3,50,lognormal,1,1
77,467,4,2,100,even_discrete,4,2
78,443,10,3,50,normal,2,3
79,406,14,2,300,normal,4,3
80,213,18,2,300,normal,2,2
81,349,10,4,300,normal,4,1
82,72,4,1,300,even_discrete,0.5,2
83,508,5,3,100,even_discrete,0.5,2
84,152,8,1,100,normal,4,1
85,388,12,4,50,normal,2,3
86,567,12,4,50,uniform,1,3
87,327,15,4,300,normal,1,1
88,333,20,4,50,lognormal,0.5,1
89,281,1,3,50,even_discrete,2,1
90,227,10,2,300,normal,2,3
91,215,14,2,100,lognormal,4,1
92,290,1,2,300,uniform,2,3
93,221,10,3,100,uniform,1,1
94,411,16,2,300,lognormal,2,1
95,242,9,4,100,uniform,2,1
96,298,7,1,300,normal,1,1
97,52,16,4,100,uniform,0.5,1
98,534,5,3,300,lognormal,1,2
99,373,14,3,300,normal,4,2
100,341,3,1,300,uniform,2,3
101,498,14,1,50,lognormal,2,3
102,272,20,4,100,normal,2,1
103,390,15,1,50,uniform,1,2
104,207,18,2,50,normal,4,1
105,114,13,1,100,normal,4,3
106,398,15,3,100,normal,1,2
107,82,8,2,300,lognormal,1,1
108,41,5,4,100,uniform,0.5,2
109,403,4,3,100,lognormal,1,3
110,389,8,4,300,even_discrete,0.5,3
111,246,3,2,100,even_discrete,0.5,2
112,541,6,1,100,lognormal,4,1
113,122,2,4,50,normal,4,1
114,370,11,1,50,uniform,0.5,1
115,441,8,3,50,uniform,2,2
116,505,6,2,300,uniform,0.5,2
117,355,10,4,300,uniform,1,2
118,160,16,3,300,even_discrete,1,1
119,543,8,4,300,normal,0.5,2
120,111,8,1,100,lognormal,1,1
121,164,15,4,50,normal,1,3
122,388,4,4,50,normal,2,3
123,573,10,2,100,uniform,0.5,2
124,283,9,4,50,uniform,2,1
125,355,9,4,300,uniform,1,2
126,64,6,3,300,even_discrete,1,2
127,45,4,3,100,even_discrete,0.5,1
128,562,18,1,100,uniform,1,3
129,195,11,3,300,uniform,2,1
130,93,5,2,300,normal,4,1
131,53,3,1,50,lognormal,4,1
132,274,19,2,100,lognormal,4,3
133,488,12,1,50,lognormal,1,2
134,154,12,4,300,uniform,4,1
135,221,13,3,100,uniform,1,1
136,363,5,4,300,lognormal,4,2
137,552,6,4,100,normal,0.5,1
138,170,20,1,300,lognormal,1,2
139,351,18,3,50,lognormal,4,1
140,66,5,3,50,lognormal,4,2
141,308,7,4,300,lognormal,1,1
142,115,12,3,300,lognormal,1,1
143,199,19,2,50,uniform,0.5,1
144,68,15,3,300,normal,1,3
145,525,19,2,100,uniform,4,1
146,289,13,2,300,even_discrete,1,3
147,402,11,2,50,even_discrete,0.5,1
148,254,8,1,300,normal,2,1
149,505,1,2,300,uniform,0.5,2
150,121,18,3,50,normal,0.5,1
151,174,14,1,300,even_discrete,2,1
152,75,20,2,300,even_discrete,4,1
153,557,1,4,300,lognormal,0.5,1
154,245,1,1,100,uniform,2,1
155,257,9,1,50,normal,0.5,3
156,67,4,3,300,normal,0.5,3
157,561,19,1,100,lognormal,0.5,1
158,332,5,1,50,normal,1,3
159,255,4,2,300,even_discrete,0.5,2
160,237,8,1,100,normal,2,2
1,43,8,3,50,normal,4,3
2,10,9,4,300,even_discrete,1,1
3,510,8,2,50,normal,1,2
4,285,12,2,300,uniform,0.5,3
5,49,1,1,300,normal,4,3
6,526,10,1,300,lognormal,2,2
7,541,16,1,100,lognormal,4,1
8,73,19,4,50,uniform,2,2
9,198,10,4,50,uniform,4,1
10,393,2,2,300,lognormal,1,3
11,401,17,4,300,even_discrete,1,3
12,384,4,4,100,even_discrete,1,2
13,435,4,3,100,lognormal,4,1
14,154,4,4,300,uniform,4,1
15,49,7,1,300,normal,4,3
16,479,10,1,100,normal,1,3
17,162,6,4,300,lognormal,2,3
18,203,5,2,50,lognormal,1,2
19,411,13,2,300,lognormal,2,1
20,408,19,2,300,lognormal,0.5,3
21,242,15,4,100,uniform,2,1
22,356,4,3,50,lognormal,1,1
23,505,6,2,300,uniform,0.5,2
24,400,13,3,50,even_discrete,0.5,1
25,461,6,2,100,normal,1,2
26,135,20,2,300,normal,1,3
27,506,16,3,100,uniform,0.5,1
28,350,11,1,300,uniform,0.5,3
29,431,18,2,100,lognormal,2,3
30,400,20,3,50,even_discrete,0.5,1
31,140,13,2,300,even_discrete,4,2
32,195,14,3,300,uniform,2,1
33,408,19,2,300,lognormal,0.5,3
34,576,10,1,100,even_discrete,0.5,1
35,426,7,3,50,lognormal,2,3
36,175,11,1,300,even_discrete,4,2
37,61,3,2,50,even_discrete,0.5,3
38,494,2,2,100,normal,0.5,1
39,518,2,3,50,uniform,4,1
40,162,4,4,300,lognormal,2,3
41,252,5,2,100,lognormal,0.5,1
42,196,18,4,300,uniform,0.5,1
43,324,8,3,50,normal,1,3
44,221,9,3,100,uniform,1,1
45,479,2,1,100,normal,1,3
46,487,4,2,100,lognormal,4,2
47,114,12,1,100,normal,4,3
48,286,12,3,50,uniform,1,1
49,28,15,4,100,uniform,2,3
50,519,20,3,100,even_discrete,4,2
51,232,2,4,50,uniform,0.5,2
52,77,1,3,100,even_discrete,1,3
53,198,13,4,50,uniform,4,1
54,77,19,3,100,even_discrete,1,3
55,353,1,1,100,lognormal,4,3
56,438,7,2,50,lognormal,4,1
57,312,2,1,50,lognormal,1,1
58,506,10,3,100,uniform,0.5,1
59,473,20,4,300,normal,4,3
60,51,16,3,300,uniform,0.5,3
61,76,18,2,300,normal,0.5,1
62,520,9,1,50,lognormal,0.5,1
63,195,17,3,300,uniform,2,1
64,511,8,1,100,even_discrete,2,2
65,335,17,2,50,normal,1,3
66,300,4,1,300,uniform,1,3
67,313,17,4,100,lognormal,1,3
68,241,4,1,100,lognormal,1,3
69,268,13,1,100,uniform,4,2
70,357,19,3,100,uniform,4,3
71,166,17,2,50,uniform,2,3
72,386,2,1,100,normal,0.5,1
73,402,2,2,50,even_discrete,0.5,1
74,7,12,4,50,normal,4,2
75,109,1,1,100,lognormal,2,2
76,61,11,2,50,even_discrete,0.5,3
77,120,3,1,300,uniform,0.5,1
78,9,16,1,50,even_discrete,1,1
79,390,6,1,50,uniform,1,2
80,154,6,4,300,uniform,4,1
81,166,14,2,50,uniform,2,3
82,91,15,4,50,even_discrete,2,1
83,98,9,4,50,uniform,4,2
84,24,3,3,300,uniform,1,2
85,393,10,2,300,lognormal,1,3
86,508,7,3,100,even_discrete,0.5,2
87,218,12,3,100,lognormal,0.5,1
88,13,6,1,300,even_discrete,1,3
89,332,17,1,50,normal,1,3
90,86,15,3,50,uniform,0.5,2
91,543,3,4,300,normal,0.5,2
92,306,19,1,300,normal,2,3
93,61,14,2,50,even_discrete,0.5,3
94,64,1,3,300,even_discrete,1,2
95,176,12,2,100,normal,1,1
96,206,11,4,50,lognormal,0.5,2
97,60,17,1,100,lognormal,0.5,2
98,27,12,3,50,even_discrete,4,1
99,246,20,2,100,even_discrete,0.5,2
100,34,14,3,50,lognormal,1,2
101,253,13,2,50,uniform,4,2
102,270,10,3,50,uniform,0.5,1
103,391,6,4,50,even_discrete,4,1
104,463,16,4,100,uniform,1,1
105,334,15,4,50,lognormal,2,3
106,62,18,4,50,even_discrete,0.5,2
107,471,15,4,50,even_discrete,0.5,3
108,69,3,1,300,lognormal,4,2
109,345,17,2,300,normal,0.5,2
110,372,15,2,50,lognormal,1,1
111,560,4,4,100,lognormal,4,2
112,39,14,3,100,uniform,2,2
113,402,3,2,50,even_discrete,0.5,1
114,436,19,1,50,lognormal,2,1
115,552,20,4,100,normal,0.5,1
116,238,5,2,300,lognormal,1,2
117,394,15,3,100,even_discrete,4,1
118,245,8,1,100,uniform,2,1
119,192,11,3,300,normal,2,1
120,524,6,4,100,even_discrete,0.5,3
121,302,10,2,50,even_discrete,2,2
122,539,10,1,300,even_discrete,1,2
123,201,6,3,100,even_discrete,1,2
124,93,14,2,300,normal,4,1
125,451,15,2,100,normal,2,1
126,550,19,3,50,normal,4,2
127,210,16,1,100,uniform,2,2
128,184,20,3,100,lognormal,4,3
129,7,4,4,50,normal,4,2
130,223,15,3,300,even_discrete,1,3
131,216,8,3,300,uniform,1,3
132,114,2,1,100,normal,4,3
133,394,13,3,100,even_discrete,4,1
134,189,9,3,300,lognormal,0.5,3
135,294,1,1,50,normal,2,2
136,506,12,3,100,uniform,0.5,1
137,534,5,3,300,lognormal,1,2
138,61,5,2,50,even_discrete,0.5,3
139,341,3,1,300,uniform,2,3
140,556,2,4,300,uniform,1,3
141,350,6,1,300,uniform,0.5,3
142,211,7,1,50,uniform,0.5,3
143,508,4,3,100,even_discrete,0.5,2
144,80,19,4,300,even_discrete,2,3
145,552,6,4,100,normal,0.5,1
146,157,4,4,100,normal,1,2
147,97,7,4,50,normal,4,3
148,218,18,3,100,lognormal,0.5,1
149,118,8,1,50,lognormal,1,3
150,355,13,4,300,uniform,1,2
151,345,16,2,300,normal,0.5,2
152,319,12,4,300,normal,1,2
153,423,3,3,300,even_discrete,2,2
154,97,15,4,50,normal,4,3
155,358,19,3,50,even_discrete,1,2
156,529,5,4,300,uniform,1,1
157,51,8,3,300,uniform,0.5,3
158,475,3,2,100,even_discrete,2,2
159,122,3,4,50,normal,4,1
160,80,17,4,300,even_discrete,2,3
1,109,4,1,100,lognormal,2,2
2,121,4,3,50,normal,0.5,1
3,394,18,3,100,even_discrete,4,1
4,162,19,4,300,lognormal,2,3
5,238,3,2,300,lognormal,1,2
6,395,11,2,100,uniform,1,3
7,256,9,2,100,uniform,1,2
8,58,18,1,100,lognormal,4,2
9,469,5,2,50,uniform,1,1
10,555,8,3,50,normal,2,1
11,240,6,3,50,normal,0.5,2
12,117,17,1,300,normal,2,2
13,282,10,2,50,even_discrete,1,1
14,431,2,2,100,lognormal,2,3
15,491,6,2,50,uniform,1,2
16,413,15,4,100,uniform,1,2
17,518,10,3,50,uniform,4,1
18,49,14,1,300,normal,4,3
19,550,16,3,50,normal,4,2
20,4,16,4,100,uniform,0.5,3
21,510,9,2,50,normal,1,2
22,257,20,1,50,normal,0.5,3
23,356,4,3,50,lognormal,1,1
24,436,1,1,50,lognormal,2,1
25,145,19,1,100,even_discrete,4,2
26,174,11,1,300,even_discrete,2,1
27,384,13,4,100,even_discrete,1,2
28,334,1,4,50,lognormal,2,3
29,206,15,4,50,lognormal,0.5,2
30,352,8,4,300,even_discrete,4,1
31,37,5,3,100,normal,0.5,1
32,255,11,2,300,even_discrete,0.5,2
33,562,15,1,100,uniform,1,3
34,369,18,2,300,lognormal,4,2
35,58,6,1,100,lognormal,4,2
36,45,15,3,100,even_discrete,0.5,1
37,204,1,3,100,normal,4,1
38,529,14,4,300,uniform,1,1
39,392,15,4,300,uniform,2,3
40,243,15,2,50,normal,4,2
41,513,8,3,300,uniform,4,2
42,268,17,1,100,uniform,4,2
43,295,16,1,50,uniform,4,2
44,116,20,2,50,lognormal,0.5,2
45,73,11,4,50,uniform,2,2
46,188,6,1,100,even_discrete,2,3
47,31,18,3,100,even_discrete,2,2
48,498,17,1,50,lognormal,2,3
49,11,18,1,100,normal,1,2
50,80,4,4,300,even_discrete,2,3
51,282,3,2,50,even_discrete,1,1
52,392,6,4,300,uniform,2,3
53,315,17,1,50,normal,1,1
54,185,12,1,100,uniform,4,3
55,192,11,3,300,normal,2,1
56,45,20,3,100,even_discrete,0.5,1
57,89,19,2,100,normal,4,2
58,249,16,1,300,lognormal,2,1
59,182,8,2,50,even_discrete,2,3
60,162,15,4,300,lognormal,2,3
61,491,12,2,50,uniform,1,2
62,354,7,3,300,uniform,4,3
63,140,19,2,300,even_discrete,4,2
64,220,13,3,300,lognormal,1,3
65,31,18,3,100,even_discrete,2,2
66,233,9,2,50,even_discrete,4,2
67,494,6,2,100,normal,0.5,1
68,391,6,4,50,even_discrete,4,1
69,494,5,2,100,normal,0.5,1
70,34,3,3,50,lognormal,1,2
71,206,14,4,50,lognormal,0.5,2
72,396,16,2,100,uniform,1,1
73,391,10,4,50,even_discrete,4,1
74,55,9,2,50,lognormal,1,3
75,486,14,3,50,normal,4,1
76,28,20,4,100,uniform,2,3
77,431,7,2,100,lognormal,2,3
78,197,12,4,100,lognormal,4,1
79,287,20,4,100,lognormal,0.5,3
80,488,2,1,50,lognormal,1,2
81,168,19,2,300,even_discrete,1,1
82,256,10,2,100,uniform,1,2
83,393,3,2,300,lognormal,1,3
84,438,11,2,50,lognormal,4,1
85,74,5,1,50,even_discrete,0.5,2
86,572,6,2,100,normal,4,1
87,538,3,2,300,even_discrete,2,1
88,48,9,2,100,normal,0.5,2
89,490,9,4,100,even_discrete,2,1
90,471,17,4,50,even_discrete,0.5,3
91,106,20,1,50,uniform,2,1
92,520,13,1,50,lognormal,0.5,1
93,274,9,2,100,lognormal,4,3
94,211,5,1,50,uniform,0.5,3
95,69,15,1,300,lognormal,4,2
96,278,6,3,100,uniform,1,3
97,193,18,2,100,even_discrete,2,1
98,187,8,2,50,lognormal,2,2
99,529,9,4,300,uniform,1,1
100,9,9,1,50,even_discrete,1,1
101,470,17,3,300,normal,0.5,2
102,358,7,3,50,even_discrete,1,2
103,128,20,1,300,lognormal,0.5,3
104,37,8,3,100,normal,0.5,1
105,51,5,3,300,uniform,0.5,3
106,249,5,1,300,lognormal,2,1
107,141,7,3,300,uniform,2,2
108,546,17,3,50,normal,1,1
109,129,10,4,50,even_discrete,0.5,1
110,555,4,3,50,normal,2,1
111,293,16,3,300,normal,1,1
112,401,3,4,300,even_discrete,1,3
113,312,6,1,50,lognormal,1,1
114,286,16,3,50,uniform,1,1
115,205,2,1,100,even_discrete,4,3
116,511,15,1,100,even_discrete,2,2
117,498,13,1,50,lognormal,2,3
118,316,17,2,100,normal,4,3
119,175,9,1,300,even_discrete,4,2
120,348,19,2,50,normal,1,1
121,278,1,3,100,uniform,1,3
122,504,12,3,100,lognormal,4,2
123,431,5,2,100,lognormal,2,3
124,157,16,4,100,normal,1,2
125,129,2,4,50,even_discrete,0.5,1
126,477,7,1,50,lognormal,2,2
127,97,12,4,50,normal,4,3
128,512,3,4,50,uniform,0.5,3
129,527,10,1,50,lognormal,0.5,3
130,173,19,1,100,lognormal,2,3
131,182,6,2,50,even_discrete,2,3
132,470,10,3,300,normal,0.5,2
133,421,3,2,50,uniform,0.5,2
134,489,8,1,100,even_discrete,0.5,3
135,316,19,2,100,normal,4,3
136,480,13,1,100,even_discrete,2,1
137,283,4,4,50,uniform,2,1
138,149,8,3,100,even_discrete,2,3
139,522,4,2,300,even_discrete,1,2
140,188,17,1,100,even_discrete,2,3
141,435,18,3,100,lognormal,4,1
142,175,14,1,300,even_discrete,4,2
143,55,20,2,50,lognormal,1,3
144,163,5,2,100,uniform,2,3
145,278,8,3,100,uniform,1,3
146,60,18,1,100,lognormal,0.5,2
147,106,3,1,50,uniform,2,1
148,502,20,3,100,uniform,4,2
149,164,6,4,50,normal,1,3
150,446,9,4,50,even_discrete,4,3
151,216,11,3,300,uniform,1,3
152,131,6,3,300,uniform,2,3
153,144,11,1,100,uniform,1,2
154,55,12,2,50,lognormal,1,3
155,4,3,4,100,uniform,0.5,3
156,146,17,2,100,lognormal,2,2
157,461,15,2,100,normal,1,2
158,413,10,4,100,uniform,1,2
159,356,1,3,50,lognormal,1,1
160,573,3,2,100,uniform,0.5,2
1,562,9,1,100,uniform,1,3
2,459,7,3,50,lognormal,4,3
3,542,6,4,50,even_discrete,2,3
4,448,6,3,300,even_discrete,2,1
5,560,5,4,100,lognormal,4,2
6,230,9,1,100,uniform,4,1
7,459,14,3,50,lognormal,4,3
8,282,13,2,50,even_discrete,1,1
9,229,17,2,50,normal,0.5,3
10,263,4,4,300,uniform,2,2
11,116,2,2,50,lognormal,0.5,2
12,501,20,1,50,normal,1,2
13,428,11,4,50,uniform,4,3
14,540,7,4,100,lognormal,0.5,2
15,227,10,2,300,normal,2,3
16,84,5,2,50,uniform,0.5,3
17,512,2,4,50,uniform,0.5,3
18,540,17,4,100,lognormal,0.5,2
19,118,7,1,50,lognormal,1,3
20,157,9,4,100,normal,1,2
21,449,1,3,300,even_discrete,0.5,1
22,555,17,3,50,normal,2,1
23,489,14,1,100,even_discrete,0.5,3
24,204,19,3,100,normal,4,1
25,436,15,1,50,lognormal,2,1
26,375,8,1,50,even_discrete,0.5,1
27,141,10,3,300,uniform,2,2
28,415,4,2,300,lognormal,2,2
29,160,16,3,300,even_discrete,1,1
30,150,12,4,300,lognormal,0.5,2
31,524,4,4,100,even_discrete,0.5,3
32,450,16,3,50,uniform,4,2
33,360,2,3,100,uniform,0.5,3
34,572,4,2,100,normal,4,1
35,366,8,1,100,normal,1,1
36,527,5,1,50,lognormal,0.5,3
37,168,20,2,300,even_discrete,1,1
38,121,9,3,50,normal,0.5,1
39,477,4,1,50,lognormal,2,2
40,25,8,2,300,normal,2,1
41,43,19,3,50,normal,4,3
42,296,15,1,50,normal,0.5,2
43,217,12,2,300,uniform,1,1
44,25,15,2,300,normal,2,1
45,508,13,3,100,even_discrete,0.5,2
46,118,9,1,50,lognormal,1,3
47,219,13,4,300,lognormal,1,2
48,568,2,1,100,even_discrete,1,2
49,101,9,1,300,even_discrete,0.5,1
50,165,8,4,300,normal,1,3
51,298,14,1,300,normal,1,1
52,17,14,3,300,lognormal,2,2
53,433,18,1,300,even_discrete,0.5,3
54,216,2,3,300,uniform,1,3
55,469,15,2,50,uniform,1,1
56,392,18,4,300,uniform,2,3
57,338,4,3,300,even_discrete,2,3
58,101,4,1,300,even_discrete,0.5,1
59,25,12,2,300,normal,2,1
60,64,20,3,300,even_discrete,1,2
61,17,8,3,300,lognormal,2,2
62,421,19,2,50,uniform,0.5,2
63,211,12,1,50,uniform,0.5,3
64,360,7,3,100,uniform,0.5,3
65,371,6,2,100,uniform,2,1
66,472,13,2,50,uniform,2,2
67,253,12,2,50,uniform,4,2
68,205,3,1,100,even_discrete,4,3
69,150,4,4,300,lognormal,0.5,2
70,236,7,2,100,uniform,2,2
71,211,13,1,50,uniform,0.5,3
72,16,13,3,50,normal,2,2
73,296,4,1,50,normal,0.5,2
74,228,10,4,300,even_discrete,4,2
75,239,13,3,100,normal,0.5,2
76,72,13,1,300,even_discrete,0.5,2
77,29,5,3,50,uniform,4,3
78,369,13,2,300,lognormal,4,2
79,326,15,3,50,even_discrete,0.5,2
80,193,19,2,100,even_discrete,2,1
81,259,6,3,50,lognormal,2,2
82,124,14,4,300,lognormal,0.5,3
83,215,1,2,100,lognormal,4,1
84,182,18,2,50,even_discrete,2,3
85,156,16,4,100,even_discrete,2,2
86,328,19,3,300,lognormal,4,1
87,480,13,1,100,even_discrete,2,1
88,79,5,1,100,even_discrete,4,1
89,498,11,1,50,lognormal,2,3
90,164,1,4,50,normal,1,3
91,13,13,1,300,even_discrete,1,3
92,376,20,4,50,even_discrete,4,2
93,498,19,1,50,lognormal,2,3
94,372,19,2,50,lognormal,1,1
95,149,20,3,100,even_discrete,2,3
96,477,12,1,50,lognormal,2,2
97,513,1,3,300,uniform,4,2
98,294,7,1,50,normal,2,2
99,546,4,3,50,normal,1,1
100,230,1,1,100,uniform,4,1
101,537,5,4,300,uniform,0.5,3
102,219,16,4,300,lognormal,1,2
103,86,16,3,50,uniform,0.5,2
104,96,17,3,50,even_discrete,2,2
105,232,10,4,50,uniform,0.5,2
106,354,1,3,300,uniform,4,3
107,235,3,4,100,lognormal,1,2
108,197,9,4,100,lognormal,4,1
109,569,18,4,300,normal,2,1
110,315,2,1,50,normal,1,1
111,566,7,3,100,normal,2,2
112,520,12,1,50,lognormal,0.5,1
113,546,19,3,50,normal,1,1
114,165,7,4,300,normal,1,3
115,245,5,1,100,uniform,2,1
116,184,3,3,100,lognormal,4,3
117,123,2,1,100,normal,2,3
118,396,10,2,100,uniform,1,1
119,268,15,1,100,uniform,4,2
120,542,7,4,50,even_discrete,2,3
121,555,17,3,50,normal,2,1
122,457,19,1,100,lognormal,0.5,3
123,225,17,2,300,lognormal,4,1
124,220,6,3,300,lognormal,1,3
125,167,17,4,50,uniform,2,3
126,392,15,4,300,uniform,2,3
127,138,18,3,300,lognormal,4,2
128,326,16,3,50,even_discrete,0.5,2
129,220,3,3,300,lognormal,1,3
130,167,10,4,50,uniform,2,3
131,246,18,2,100,even_discrete,0.5,2
132,428,17,4,50,uniform,4,3
133,299,9,2,100,lognormal,0.5,3
134,2,11,3,50,even_discrete,1,1
135,500,17,4,300,even_discrete,0.5,2
136,55,8,2,50,lognormal,1,3
137,118,12,1,50,lognormal,1,3
138,388,12,4,50,normal,2,3
139,472,11,2,50,uniform,2,2
140,513,3,3,300,uniform,4,2
141,12,13,2,100,even_discrete,2,3
142,150,20,4,300,lognormal,0.5,2
143,561,10,1,100,lognormal,0.5,1
144,229,3,2,50,normal,0.5,3
145,45,12,3,100,even_discrete,0.5,1
146,566,17,3,100,normal,2,2
147,500,19,4,300,even_discrete,0.5,2
148,242,14,4,100,uniform,2,1
149,542,13,4,50,even_discrete,2,3
150,66,8,3,50,lognormal,4,2
151,207,2,2,50,normal,4,1
152,238,8,2,300,lognormal,1,2
153,61,14,2,50,even_discrete,0.5,3
154,278,3,3,100,uniform,1,3
155,3,14,1,300,uniform,4,3
156,494,1,2,100,normal,0.5,1
157,70,11,1,300,even_discrete,4,3
158,300,13,1,300,uniform,1,3
159,173,17,1,100,lognormal,2,3
160,342,14,4,100,uniform,2,2
1,92,1,2,100,even_discrete,1,2
2,376,6,4,50,even_discrete,4,2
3,560,2,4,100,lognormal,4,2
4,516,1,4,100,lognormal,4,3
5,263,19,4,300,uniform,2,2
6,473,16,4,300,normal,4,3
7,2,10,3,50,even_discrete,1,1
8,316,5,2,100,normal,4,3
9,159,15,1,300,uniform,4,1
10,12,6,2,100,even_discrete,2,3
11,175,9,1,300,even_discrete,4,2
12,106,19,1,50,uniform,2,1
13,75,9,2,300,even_discrete,4,1
14,127,6,2,300,lognormal,0.5,2
15,448,17,3,300,even_discrete,2,1
16,60,18,1,100,lognormal,0.5,2
17,243,3,2,50,normal,4,2
18,261,16,4,100,normal,4,3
19,231,14,1,300,uniform,4,2
20,435,2,3,100,lognormal,4,1
21,92,14,2,100,even_discrete,1,2
22,248,8,2,50,even_discrete,1,3
23,338,5,3,300,even_discrete,2,3
24,254,2,1,300,normal,2,1
25,495,9,2,50,uniform,2,1
26,237,15,1,100,normal,2,2
27,145,20,1,100,even_discrete,4,2
28,263,6,4,300,uniform,2,2
29,23,12,3,300,normal,0.5,1
30,316,15,2,100,normal,4,3
31,557,20,4,300,lognormal,0.5,1
32,377,13,4,100,normal,1,3
33,451,14,2,100,normal,2,1
34,239,7,3,100,normal,0.5,2
35,18,12,4,300,normal,2,2
36,123,3,1,100,normal,2,3
37,500,6,4,300,even_discrete,0.5,2
38,73,17,4,50,uniform,2,2
39,437,9,2,100,lognormal,1,2
40,268,6,1,100,uniform,4,2
41,168,14,2,300,even_discrete,1,1
42,316,8,2,100,normal,4,3
43,72,15,1,300,even_discrete,0.5,2
44,435,8,3,100,lognormal,4,1
45,82,9,2,300,lognormal,1,1
46,279,17,4,100,normal,4,1
47,180,20,1,300,normal,0.5,3
48,261,10,4,100,normal,4,3
49,84,17,2,50,uniform,0.5,3
50,436,1,1,50,lognormal,2,1
51,376,15,4,50,even_discrete,4,2
52,279,2,4,100,normal,4,1
53,516,11,4,100,lognormal,4,3
54,261,13,4,100,normal,4,3
55,201,10,3,100,even_discrete,1,2
56,492,14,2,300,even_discrete,4,3
57,168,9,2,300,even_discrete,1,1
58,419,17,4,100,normal,1,1
59,375,19,1,50,even_discrete,0.5,1
60,140,17,2,300,even_discrete,4,2
61,228,17,4,300,even_discrete,4,2
62,569,8,4,300,normal,2,1
63,235,4,4,100,lognormal,1,2
64,533,3,1,300,normal,1,3
65,558,1,1,300,even_discrete,1,1
66,358,17,3,50,even_discrete,1,2
67,96,19,3,50,even_discrete,2,2
68,228,18,4,300,even_discrete,4,2
69,157,12,4,100,normal,1,2
70,279,12,4,100,normal,4,1
71,193,20,2,100,even_discrete,2,1
72,495,3,2,50,uniform,2,1
73,406,9,2,300,normal,4,3
74,18,1,4,300,normal,2,2
75,127,16,2,300,lognormal,0.5,2
76,106,8,1,50,uniform,2,1
77,167,11,4,50,uniform,2,3
78,70,14,1,300,even_discrete,4,3
79,17,2,3,300,lognormal,2,2
80,235,20,4,100,lognormal,1,2
81,533,7,1,300,normal,1,3
82,448,2,3,300,even_discrete,2,1
83,358,4,3,50,even_discrete,1,2
84,546,6,3,50,normal,1,1
85,252,6,2,100,lognormal,0.5,1
86,238,18,2,300,lognormal,1,2
87,84,8,2,50,uniform,0.5,3
88,159,1,1,300,uniform,4,1
89,516,16,4,100,lognormal,4,3
90,163,2,2,100,uniform,2,3
91,243,19,2,50,normal,4,2
92,463,5,4,100,uniform,1,1
93,3,4,1,300,uniform,4,3
94,530,3,1,300,normal,0.5,2
95,18,18,4,300,normal,2,2
96,237,17,1,100,normal,2,2
97,558,15,1,300,even_discrete,1,1
98,463,19,4,100,uniform,1,1
99,557,19,4,300,lognormal,0.5,1
100,299,16,2,100,lognormal,0.5,3
101,159,11,1,300,uniform,4,1
102,449,2,3,300,even_discrete,0.5,1
103,259,10,3,50,lognormal,2,2
104,220,9,3,300,lognormal,1,3
105,248,1,2,50,even_discrete,1,3
106,495,17,2,50,uniform,2,1
107,462,6,3,100,lognormal,2,2
108,533,15,1,300,normal,1,3
109,159,8,1,300,uniform,4,1
110,123,16,1,100,normal,2,3
111,3,18,1,300,uniform,4,3
112,542,1,4,50,even_discrete,2,3
113,48,9,2,100,normal,0.5,2
114,140,14,2,300,even_discrete,4,2
115,557,19,4,300,lognormal,0.5,1
116,248,9,2,50,even_discrete,1,3
117,504,4,3,100,lognormal,4,2
118,84,1,2,50,uniform,0.5,3
119,261,12,4,100,normal,4,3
120,450,1,3,50,uniform,4,2
121,433,6,1,300,even_discrete,0.5,3
122,377,3,4,100,normal,1,3
123,23,1,3,300,normal,0.5,1
124,421,20,2,50,uniform,0.5,2
125,279,12,4,100,normal,4,1
126,524,16,4,100,even_discrete,0.5,3
127,263,1,4,300,uniform,2,2
128,533,10,1,300,normal,1,3
129,283,2,4,50,uniform,2,1
130,530,7,1,300,normal,0.5,2
131,530,10,1,300,normal,0.5,2
132,75,6,2,300,even_discrete,4,1
133,73,2,4,50,uniform,2,2
134,463,14,4,100,uniform,1,1
135,448,15,3,300,even_discrete,2,1
136,395,4,2,100,uniform,1,3
137,3,9,1,300,uniform,4,3
138,66,17,3,50,lognormal,4,2
139,201,7,3,100,even_discrete,1,2
140,377,18,4,100,normal,1,3
141,175,5,1,300,even_discrete,4,2
142,235,10,4,100,lognormal,1,2
143,566,2,3,100,normal,2,2
144,253,13,2,50,uniform,4,2
145,140,7,2,300,even_discrete,4,2
146,560,8,4,100,lognormal,4,2
147,127,17,2,300,lognormal,0.5,2
148,501,7,1,50,normal,1,2
149,351,19,3,50,lognormal,4,1
150,201,15,3,100,even_discrete,1,2
151,38,4,2,100,normal,2,2
152,249,13,1,300,lognormal,2,1
153,231,19,1,300,uniform,4,2
154,358,4,3,50,even_discrete,1,2
155,136,20,3,100,normal,4,2
156,70,2,1,300,even_discrete,4,3
157,82,10,2,300,lognormal,1,1
158,23,6,3,300,normal,0.5,1
159,193,20,2,100,even_discrete,2,1
160,333,2,4,50,lognormal,0.5,1
1,578,20,2,300,uniform,0.125,1
1,588,11,4,300,uniform,0.125,3
2,583,3,3,300,uniform,0.125,2
2,581,13,1,300,uniform,0.125,2
3,583,12,3,300,uniform,0.125,2
3,580,7,4,300,uniform,0.125,1
4,587,2,3,300,uniform,0.125,3
4,586,11,2,300,uniform,0.125,3
5,580,9,4,300,uniform,0.125,1
5,584,12,4,300,uniform,0.125,2
6,585,20,1,300,uniform,0.125,3
6,584,3,4,300,uniform,0.125,2
7,588,19,4,300,uniform,0.125,3
7,579,7,3,300,uniform,0.125,1
8,580,17,4,300,uniform,0.125,1
8,577,6,1,300,uniform,0.125,1
9,580,3,4,300,uniform,0.125,1
9,579,13,3,300,uniform,0.125,1
10,585,11,1,300,uniform,0.125,3
10,580,17,4,300,uniform,0.125,1
11,578,5,2,300,uniform,0.125,1
11,581,14,1,300,uniform,0.125,2
12,584,1,4,300,uniform,0.125,2
12,578,18,2,300,uniform,0.125,1
13,588,17,4,300,uniform,0.125,3
13,583,2,3,300,uniform,0.125,2
14,577,16,1,300,uniform,0.125,1
14,584,12,4,300,uniform,0.125,2
15,587,20,3,300,uniform,0.125,3
15,584,8,4,300,uniform,0.125,2
16,588,9,4,300,uniform,0.125,3
16,585,12,1,300,uniform,0.125,3
17,580,1,4,300,uniform,0.125,1
17,585,13,1,300,uniform,0.125,3
18,585,15,1,300,uniform,0.125,3
18,583,19,3,300,uniform,0.125,2
19,580,12,4,300,uniform,0.125,1
19,582,1,2,300,uniform,0.125,2
20,583,13,3,300,uniform,0.125,2
20,586,10,2,300,uniform,0.125,3
21,579,11,3,300,uniform,0.125,1
21,582,17,2,300,uniform,0.125,2
22,584,15,4,300,uniform,0.125,2
22,586,10,2,300,uniform,0.125,3
23,581,20,1,300,uniform,0.125,2
23,583,18,3,300,uniform,0.125,2
24,578,16,2,300,uniform,0.125,1
24,577,11,1,300,uniform,0.125,1
25,586,3,2,300,uniform,0.125,3
25,578,8,2,300,uniform,0.125,1
26,578,16,2,300,uniform,0.125,1
26,579,18,3,300,uniform,0.125,1
27,579,17,3,300,uniform,0.125,1
27,582,5,2,300,uniform,0.125,2
28,583,15,3,300,uniform,0.125,2
28,581,13,1,300,uniform,0.125,2
29,587,8,3,300,uniform,0.125,3
29,577,11,1,300,uniform,0.125,1
30,583,5,3,300,uniform,0.125,2
30,578,3,2,300,uniform,0.125,1
31,581,7,1,300,uniform,0.125,2
31,582,10,2,300,uniform,0.125,2
32,588,6,4,300,uniform,0.125,3
32,580,19,4,300,uniform,0.125,1
33,579,3,3,300,uniform,0.125,1
33,585,10,1,300,uniform,0.125,3
34,580,2,4,300,uniform,0.125,1
34,586,5,2,300,uniform,0.125,3
35,588,4,4,300,uniform,0.125,3
35,582,1,2,300,uniform,0.125,2
36,581,4,1,300,uniform,0.125,2
36,587,9,3,300,uniform,0.125,3
37,588,2,4,300,uniform,0.125,3
37,584,16,4,300,uniform,0.125,2
38,585,11,1,300,uniform,0.125,3
38,586,18,2,300,uniform,0.125,3
39,577,14,1,300,uniform,0.125,1
39,586,11,2,300,uniform,0.125,3
40,579,20,3,300,uniform,0.125,1
40,586,10,2,300,uniform,0.125,3
41,587,1,3,300,uniform,0.125,3
41,581,7,1,300,uniform,0.125,2
42,583,9,3,300,uniform,0.125,2
42,584,5,4,300,uniform,0.125,2
43,580,1,4,300,uniform,0.125,1
43,588,7,4,300,uniform,0.125,3
44,581,1,1,300,uniform,0.125,2
44,585,13,1,300,uniform,0.125,3
45,585,8,1,300,uniform,0.125,3
45,577,15,1,300,uniform,0.125,1
46,578,15,2,300,uniform,0.125,1
46,579,1,3,300,uniform,0.125,1
47,580,10,4,300,uniform,0.125,1
47,585,9,1,300,uniform,0.125,3
48,586,18,2,300,uniform,0.125,3
48,578,16,2,300,uniform,0.125,1
49,584,14,4,300,uniform,0.125,2
49,579,5,3,300,uniform,0.125,1
50,581,15,1,300,uniform,0.125,2
50,584,18,4,300,uniform,0.125,2
51,586,7,2,300,uniform,0.125,3
51,588,19,4,300,uniform,0.125,3
52,578,19,2,300,uniform,0.125,1
52,587,5,3,300,uniform,0.125,3
53,581,5,1,300,uniform,0.125,2
53,579,3,3,300,uniform,0.125,1
54,578,11,2,300,uniform,0.125,1
54,588,18,4,300,uniform,0.125,3
55,587,19,3,300,uniform,0.125,3
55,578,12,2,300,uniform,0.125,1
56,581,17,1,300,uniform,0.125,2
56,579,5,3,300,uniform,0.125,1
57,581,12,1,300,uniform,0.125,2
57,578,6,2,300,uniform,0.125,1
58,588,6,4,300,uniform,0.125,3
58,584,20,4,300,uniform,0.125,2
59,586,17,2,300,uniform,0.125,3
59,584,16,4,300,uniform,0.125,2
60,579,7,3,300,uniform,0.125,1
60,588,11,4,300,uniform,0.125,3
61,586,11,2,300,uniform,0.125,3
61,585,3,1,300,uniform,0.125,3
62,580,16,4,300,uniform,0.125,1
62,588,13,4,300,uniform,0.125,3
63,577,15,1,300,uniform,0.125,1
63,580,7,4,300,uniform,0.125,1
64,577,2,1,300,uniform,0.125,1
64,584,10,4,300,uniform,0.125,2
65,580,15,4,300,uniform,0.125,1
65,577,4,1,300,uniform,0.125,1
66,585,5,1,300,uniform,0.125,3
66,587,18,3,300,uniform,0.125,3
67,586,20,2,300,uniform,0.125,3
67,581,13,1,300,uniform,0.125,2
68,585,19,1,300,uniform,0.125,3
68,587,1,3,300,uniform,0.125,3
69,577,7,1,300,uniform,0.125,1
69,586,3,2,300,uniform,0.125,3
70,577,2,1,300,uniform,0.125,1
70,586,9,2,300,uniform,0.125,3
71,578,16,2,300,uniform,0.125,1
71,588,5,4,300,uniform,0.125,3
72,585,4,1,300,uniform,0.125,3
72,586,19,2,300,uniform,0.125,3
73,583,14,3,300,uniform,0.125,2
73,586,8,2,300,uniform,0.125,3
74,581,15,1,300,uniform,0.125,2
74,582,5,2,300,uniform,0.125,2
75,582,9,2,300,uniform,0.125,2
75,580,8,4,300,uniform,0.125,1
76,579,10,3,300,uniform,0.125,1
76,581,7,1,300,uniform,0.125,2
77,586,15,2,300,uniform,0.125,3
77,588,2,4,300,uniform,0.125,3
78,586,7,2,300,uniform,0.125,3
78,584,3,4,300,uniform,0.125,2
79,587,17,3,300,uniform,0.125,3
79,586,13,2,300,uniform,0.125,3
80,583,13,3,300,uniform,0.125,2
80,586,12,2,300,uniform,0.125,3
81,581,18,1,300,uniform,0.125,2
81,582,17,2,300,uniform,0.125,2
82,581,9,1,300,uniform,0.125,2
82,586,16,2,300,uniform,0.125,3
83,585,17,1,300,uniform,0.125,3
83,583,14,3,300,uniform,0.125,2
84,581,4,1,300,uniform,0.125,2
84,583,10,3,300,uniform,0.125,2
85,584,7,4,300,uniform,0.125,2
85,577,3,1,300,uniform,0.125,1
86,584,16,4,300,uniform,0.125,2
86,578,9,2,300,uniform,0.125,1
87,587,19,3,300,uniform,0.125,3
87,588,6,4,300,uniform,0.125,3
88,583,11,3,300,uniform,0.125,2
88,577,3,1,300,uniform,0.125,1
89,587,4,3,300,uniform,0.125,3
89,578,19,2,300,uniform,0.125,1
90,588,13,4,300,uniform,0.125,3
90,587,9,3,300,uniform,0.125,3
91,583,15,3,300,uniform,0.125,2
91,584,18,4,300,uniform,0.125,2
92,586,2,2,300,uniform,0.125,3
92,582,9,2,300,uniform,0.125,2
93,584,18,4,300,uniform,0.125,2
93,583,5,3,300,uniform,0.125,2
94,585,17,1,300,uniform,0.125,3
94,581,6,1,300,uniform,0.125,2
95,587,19,3,300,uniform,0.125,3
95,588,3,4,300,uniform,0.125,3
96,579,2,3,300,uniform,0.125,1
96,585,19,1,300,uniform,0.125,3
97,587,9,3,300,uniform,0.125,3
97,583,3,3,300,uniform,0.125,2
98,584,3,4,300,uniform,0.125,2
98,583,15,3,300,uniform,0.125,2
99,584,8,4,300,uniform,0.125,2
99,585,5,1,300,uniform,0.125,3
100,578,12,2,300,uniform,0.125,1
100,585,6,1,300,uniform,0.125,3
101,578,9,2,300,uniform,0.125,1
101,580,3,4,300,uniform,0.125,1
102,581,13,1,300,uniform,0.125,2
102,577,18,1,300,uniform,0.125,1
103,579,11,3,300,uniform,0.125,1
103,585,14,1,300,uniform,0.125,3
104,579,14,3,300,uniform,0.125,1
104,588,5,4,300,uniform,0.125,3
105,580,4,4,300,uniform,0.125,1
105,588,9,4,300,uniform,0.125,3
106,579,10,3,300,uniform,0.125,1
106,585,11,1,300,uniform,0.125,3
107,587,1,3,300,uniform,0.125,3
107,581,11,1,300,uniform,0.125,2
108,583,13,3,300,uniform,0.125,2
108,579,14,3,300,uniform,0.125,1
109,578,14,2,300,uniform,0.125,1
109,582,19,2,300,uniform,0.125,2
110,586,12,2,300,uniform,0.125,3
110,582,9,2,300,uniform,0.125,2
111,580,5,4,300,uniform,0.125,1
111,582,17,2,300,uniform,0.125,2
112,578,16,2,300,uniform,0.125,1
112,586,15,2,300,uniform,0.125,3
113,584,11,4,300,uniform,0.125,2
113,588,8,4,300,uniform,0.125,3
114,587,2,3,300,uniform,0.125,3
114,583,15,3,300,uniform,0.125,2
115,582,7,2,300,uniform,0.125,2
115,587,10,3,300,uniform,0.125,3
116,586,17,2,300,uniform,0.125,3
116,578,18,2,300,uniform,0.125,1
117,586,9,2,300,uniform,0.125,3
117,577,17,1,300,uniform,0.125,1
118,582,5,2,300,uniform,0.125,2
118,583,18,3,300,uniform,0.125,2
119,583,20,3,300,uniform,0.125,2
119,581,17,1,300,uniform,0.125,2
120,584,18,4,300,uniform,0.125,2
120,581,2,1,300,uniform,0.125,2
121,587,19,3,300,uniform,0.125,3
121,581,11,1,300,uniform,0.125,2
122,586,11,2,300,uniform,0.125,3
122,577,2,1,300,uniform,0.125,1
123,580,18,4,300,uniform,0.125,1
123,587,8,3,300,uniform,0.125,3
124,583,13,3,300,uniform,0.125,2
124,581,12,1,300,uniform,0.125,2
125,586,19,2,300,uniform,0.125,3
125,579,8,3,300,uniform,0.125,1
126,581,5,1,300,uniform,0.125,2
126,587,8,3,300,uniform,0.125,3
127,578,5,2,300,uniform,0.125,1
127,588,13,4,300,uniform,0.125,3
128,577,5,1,300,uniform,0.125,1
128,587,1,3,300,uniform,0.125,3
129,586,18,2,300,uniform,0.125,3
129,581,7,1,300,uniform,0.125,2
130,584,8,4,300,uniform,0.125,2
130,587,2,3,300,uniform,0.125,3
131,579,1,3,300,uniform,0.125,1
131,587,14,3,300,uniform,0.125,3
132,587,11,3,300,uniform,0.125,3
132,583,16,3,300,uniform,0.125,2
133,581,11,1,300,uniform,0.125,2
133,580,7,4,300,uniform,0.125,1
134,584,15,4,300,uniform,0.125,2
134,581,19,1,300,uniform,0.125,2
135,584,8,4,300,uniform,0.125,2
135,585,3,1,300,uniform,0.125,3
136,584,19,4,300,uniform,0.125,2
136,580,10,4,300,uniform,0.125,1
137,577,19,1,300,uniform,0.125,1
137,582,7,2,300,uniform,0.125,2
138,583,18,3,300,uniform,0.125,2
138,585,11,1,300,uniform,0.125,3
139,581,20,1,300,uniform,0.125,2
139,585,16,1,300,uniform,0.125,3
140,577,13,1,300,uniform,0.125,1
140,587,19,3,300,uniform,0.125,3
141,585,4,1,300,uniform,0.125,3
141,584,2,4,300,uniform,0.125,2
142,578,13,2,300,uniform,0.125,1
142,583,4,3,300,uniform,0.125,2
143,588,14,4,300,uniform,0.125,3
143,583,5,3,300,uniform,0.125,2
144,580,16,4,300,uniform,0.125,1
144,588,10,4,300,uniform,0.125,3
145,581,18,1,300,uniform,0.125,2
145,583,4,3,300,uniform,0.125,2
146,585,6,1,300,uniform,0.125,3
146,582,19,2,300,uniform,0.125,2
147,578,12,2,300,uniform,0.125,1
147,586,8,2,300,uniform,0.125,3
148,578,11,2,300,uniform,0.125,1
148,577,5,1,300,uniform,0.125,1
149,582,12,2,300,uniform,0.125,2
149,581,2,1,300,uniform,0.125,2
150,581,2,1,300,uniform,0.125,2
150,578,3,2,300,uniform,0.125,1
151,588,7,4,300,uniform,0.125,3
151,587,5,3,300,uniform,0.125,3
152,579,18,3,300,uniform,0.125,1
152,588,9,4,300,uniform,0.125,3
153,586,17,2,300,uniform,0.125,3
153,577,5,1,300,uniform,0.125,1
154,585,17,1,300,uniform,0.125,3
154,578,8,2,300,uniform,0.125,1
155,588,13,4,300,uniform,0.125,3
155,586,7,2,300,uniform,0.125,3
156,584,11,4,300,uniform,0.125,2
156,587,19,3,300,uniform,0.125,3
157,577,9,1,300,uniform,0.125,1
157,584,6,4,300,uniform,0.125,2
158,583,14,3,300,uniform,0.125,2
158,587,17,3,300,uniform,0.125,3
159,588,18,4,300,uniform,0.125,3
159,585,12,1,300,uniform,0.125,3
160,583,13,3,300,uniform,0.125,2
160,581,19,1,300,uniform,0.125,2
