subject,lineup_id,order,a,b,n,x_dist,rep
1,303,6,-1,1,300,even_discrete,1
2,427,8,-1,1,300,lognormal,3
3,443,14,0,64,50,lognormal,3
4,488,7,0,4,100,normal,2
5,520,14,0,4,100,uniform,1
6,548,14,1,16,50,even_discrete,2
7,501,2,1,16,50,normal,2
8,382,8,-1,16,100,normal,3
9,403,12,0,64,100,normal,3
10,288,1,-1,16,100,uniform,2
11,335,16,-1,64,50,normal,3
12,373,12,1,1,100,even_discrete,2
13,306,5,-1,1,100,lognormal,3
14,181,8,0,16,100,normal,1
15,447,3,-1,1,50,uniform,1
16,464,8,-1,64,100,normal,1
17,149,7,-1,16,300,lognormal,3
18,499,4,1,4,50,even_discrete,2
19,569,8,-1,4,100,lognormal,1
20,482,3,1,64,100,lognormal,2
21,186,10,-1,0.25,50,even_discrete,1
22,472,18,-1,0.25,50,lognormal,2
23,135,2,0,1,100,normal,3
24,351,4,-1,16,100,even_discrete,1
25,16,14,0,64,50,lognormal,2
26,111,6,1,16,100,normal,1
27,148,12,1,4,100,lognormal,3
28,39,17,1,1,50,lognormal,2
29,565,10,-1,0.25,50,normal,3
30,551,2,0,64,100,lognormal,3
31,285,17,1,4,50,uniform,3
32,91,1,-1,4,300,lognormal,1
33,386,5,0,0,100,uniform,1
34,405,9,0,1,300,lognormal,1
35,313,3,1,64,100,normal,3
36,223,13,0,64,300,normal,3
37,368,10,0,0.25,300,uniform,1
38,301,6,1,1,50,even_discrete,1
39,540,20,1,64,100,uniform,2
40,106,5,0,0,50,lognormal,1
41,330,12,-1,1,50,uniform,3
42,346,20,1,64,50,lognormal,1
43,279,17,1,0.25,100,even_discrete,1
44,365,17,0,16,50,uniform,2
45,191,1,1,1,50,normal,2
46,17,19,0,0.25,300,lognormal,2
47,62,7,-1,4,300,uniform,2
48,493,8,1,1,100,lognormal,2
49,395,7,0,1,50,normal,3
50,289,3,-1,64,300,normal,3
51,281,18,1,1,300,lognormal,1
52,538,17,-1,64,300,lognormal,1
53,401,19,1,64,300,normal,3
54,244,6,0,1,300,even_discrete,3
55,48,20,-1,0.25,100,uniform,2
56,98,19,1,0.25,50,even_discrete,2
57,265,15,0,0,100,uniform,2
58,342,7,-1,4,50,lognormal,2
59,1,1,-1,0.25,300,even_discrete,3
60,183,3,0,0,50,lognormal,2
61,546,4,0,64,50,normal,1
62,302,20,0,1,300,lognormal,2
63,11,9,0,0,100,normal,2
64,128,11,0,0,300,uniform,3
65,23,11,1,1,100,uniform,1
66,78,12,1,1,50,lognormal,1
67,571,4,0,0,300,even_discrete,3
68,485,15,1,4,300,uniform,3
69,452,6,0,4,300,uniform,2
70,406,4,0,1,100,even_discrete,3
71,55,18,1,4,100,normal,3
72,398,15,0,0.25,100,normal,2
73,67,12,1,1,100,uniform,3
74,291,17,1,1,100,normal,2
75,196,2,0,16,50,uniform,1
76,256,3,0,1,50,normal,2
77,15,1,1,4,50,lognormal,2
78,234,2,1,64,300,lognormal,2
79,133,1,0,4,100,even_discrete,3
80,63,9,1,64,300,uniform,1
81,554,1,-1,1,300,lognormal,2
82,318,18,0,0.25,50,normal,3
83,574,18,0,4,50,normal,1
84,383,19,0,1,100,normal,2
85,426,8,-1,16,100,lognormal,3
86,231,20,0,4,50,even_discrete,2
87,77,18,-1,16,300,normal,3
88,515,10,1,64,50,normal,1
89,210,7,-1,1,50,lognormal,2
90,177,14,1,4,300,even_discrete,1
91,147,8,0,0,300,uniform,2
92,364,16,0,0.25,100,normal,3
93,430,20,0,64,100,uniform,2
94,531,11,1,16,100,normal,2
95,32,1,0,64,300,uniform,2
96,202,10,0,16,50,even_discrete,3
97,449,12,0,64,300,uniform,1
98,88,20,1,1,50,lognormal,3
99,465,12,0,1,50,even_discrete,3
100,241,20,1,16,100,normal,3
101,141,8,-1,16,50,lognormal,2
102,385,15,0,0.25,100,even_discrete,3
103,337,19,-1,64,50,lognormal,2
104,388,3,1,64,50,lognormal,3
105,327,18,-1,4,100,normal,1
106,194,19,0,0.25,300,uniform,2
107,110,14,1,4,50,uniform,1
108,35,12,1,0.25,300,normal,3
109,474,13,0,0,50,normal,3
110,42,13,1,0.25,50,normal,2
111,94,11,0,64,300,even_discrete,2
112,27,8,1,1,300,even_discrete,1
113,487,17,-1,64,100,even_discrete,2
114,453,5,0,16,50,lognormal,1
115,505,13,1,4,50,uniform,2
116,60,12,1,16,100,uniform,2
117,349,12,-1,4,100,even_discrete,1
118,145,3,0,4,300,even_discrete,2
119,366,19,0,0,100,normal,1
120,536,17,1,16,50,lognormal,3
121,104,14,1,64,100,lognormal,3
122,476,5,1,1,300,lognormal,3
123,59,9,0,1,300,even_discrete,1
124,418,7,-1,1,100,uniform,1
125,284,7,1,4,300,normal,1
126,192,13,1,1,100,lognormal,1
127,374,15,1,64,300,normal,2
128,195,9,-1,16,50,lognormal,1
129,460,16,0,64,300,even_discrete,3
130,298,17,-1,1,100,normal,1
131,253,13,-1,0.25,50,even_discrete,2
132,367,4,-1,64,50,lognormal,1
133,277,18,0,16,100,even_discrete,3
134,310,6,-1,16,300,even_discrete,3
135,214,14,0,16,100,normal,3
136,139,17,0,1,100,normal,1
137,10,3,1,64,300,normal,1
138,151,3,0,16,300,normal,3
139,432,19,1,4,50,even_discrete,3
140,334,11,0,16,100,lognormal,3
141,242,11,-1,4,50,lognormal,1
142,526,19,0,0,300,lognormal,2
143,466,13,1,16,50,lognormal,1
144,462,1,0,64,100,lognormal,2
145,43,17,0,64,50,even_discrete,3
146,428,16,1,0.25,50,even_discrete,3
147,44,16,1,16,300,even_discrete,1
148,96,19,1,1,300,lognormal,2
149,204,16,0,0.25,100,even_discrete,1
150,524,19,0,16,300,uniform,3
151,200,3,0,0,50,uniform,2
152,336,2,0,4,100,uniform,2
153,173,18,1,16,100,lognormal,3
154,525,19,0,1,50,even_discrete,1
155,233,1,0,1,300,even_discrete,2
156,380,6,-1,1,100,normal,2
157,21,5,1,1,300,normal,3
158,437,1,-1,64,100,normal,2
159,85,11,0,4,50,lognormal,1
160,226,18,-1,4,100,uniform,3
1,300,15,0,4,50,normal,3
2,122,15,1,64,50,even_discrete,1
3,373,5,1,1,100,even_discrete,2
4,245,3,-1,1,50,lognormal,1
5,420,20,-1,64,50,lognormal,3
6,37,7,0,0.25,100,uniform,1
7,48,18,-1,0.25,100,uniform,2
8,499,9,1,4,50,even_discrete,2
9,427,16,-1,1,300,lognormal,3
10,79,12,0,4,300,even_discrete,1
11,96,12,1,1,300,lognormal,2
12,555,9,0,64,50,lognormal,1
13,189,16,0,0.25,300,uniform,3
14,162,9,1,0.25,300,lognormal,3
15,173,18,1,16,100,lognormal,3
16,244,7,0,1,300,even_discrete,3
17,403,12,0,64,100,normal,3
18,384,20,0,16,300,normal,2
19,209,19,0,0,300,normal,1
20,158,12,-1,4,50,even_discrete,2
21,347,20,1,4,100,uniform,3
22,539,6,1,16,300,normal,2
23,523,10,-1,64,300,uniform,1
24,379,9,0,4,50,uniform,2
25,351,18,-1,16,100,even_discrete,1
26,128,5,0,0,300,uniform,3
27,393,15,-1,0.25,300,normal,3
28,133,16,0,4,100,even_discrete,3
29,71,3,0,16,300,even_discrete,3
30,491,16,-1,0.25,50,normal,2
31,181,6,0,16,100,normal,1
32,105,8,1,0.25,100,uniform,3
33,132,4,-1,4,50,even_discrete,1
34,164,8,1,64,50,normal,3
35,544,16,0,1,50,uniform,1
36,417,14,1,4,100,lognormal,1
37,367,14,-1,64,50,lognormal,1
38,82,12,-1,0.25,300,normal,1
39,570,7,-1,16,50,normal,1
40,99,19,-1,1,300,uniform,3
41,448,20,0,64,300,lognormal,1
42,383,16,0,1,100,normal,2
43,100,4,0,4,300,normal,3
44,314,16,-1,1,100,even_discrete,1
45,576,14,0,4,300,uniform,1
46,570,14,-1,16,50,normal,1
47,109,16,1,16,100,lognormal,2
48,22,20,0,16,300,even_discrete,2
49,414,11,-1,64,300,uniform,3
50,292,6,0,1,100,even_discrete,2
51,299,4,-1,64,100,uniform,3
52,60,13,1,16,100,uniform,2
53,453,9,0,16,50,lognormal,1
54,327,16,-1,4,100,normal,1
55,271,7,1,1,300,even_discrete,3
56,496,9,0,16,100,lognormal,1
57,335,3,-1,64,50,normal,3
58,317,3,0,1,300,uniform,2
59,60,10,1,16,100,uniform,2
60,531,5,1,16,100,normal,2
61,127,1,-1,0.25,300,uniform,2
62,253,11,-1,0.25,50,even_discrete,2
63,101,5,1,16,300,uniform,1
64,260,14,1,64,50,normal,2
65,170,20,0,0,300,normal,2
66,65,20,0,64,100,normal,2
67,88,14,1,1,50,lognormal,3
68,451,17,-1,0.25,100,lognormal,1
69,382,18,-1,16,100,normal,3
70,557,1,1,0.25,300,uniform,1
71,211,1,0,0,50,uniform,3
72,228,6,1,64,300,even_discrete,2
73,324,1,0,64,50,normal,3
74,276,7,0,4,50,lognormal,2
75,96,11,1,1,300,lognormal,2
76,538,18,-1,64,300,lognormal,1
77,398,17,0,0.25,100,normal,2
78,570,20,-1,16,50,normal,1
79,564,9,1,64,50,uniform,1
80,354,11,-1,16,50,even_discrete,3
81,457,4,1,16,100,uniform,3
82,400,7,1,1,300,uniform,1
83,552,15,1,0.25,100,uniform,1
84,467,13,1,4,300,even_discrete,2
85,46,11,1,4,300,even_discrete,3
86,9,15,-1,1,300,normal,1
87,121,2,0,64,50,uniform,1
88,320,8,-1,0.25,100,lognormal,3
89,46,20,1,4,300,even_discrete,3
90,90,18,0,0.25,100,normal,1
91,320,1,-1,0.25,100,lognormal,3
92,323,4,-1,64,50,uniform,1
93,108,13,-1,0.25,50,even_discrete,3
94,573,10,0,1,50,uniform,2
95,413,14,-1,4,50,normal,2
96,533,3,-1,1,100,normal,3
97,432,14,1,4,50,even_discrete,3
98,414,9,-1,64,300,uniform,3
99,415,3,-1,0.25,300,lognormal,2
100,542,7,-1,4,300,lognormal,3
101,434,4,0,64,100,uniform,3
102,517,3,-1,16,300,normal,1
103,485,8,1,4,300,uniform,3
104,179,4,-1,0.25,300,uniform,1
105,361,12,0,1,50,even_discrete,2
106,309,3,-1,16,50,even_discrete,1
107,362,10,0,16,100,lognormal,2
108,152,19,0,0,100,even_discrete,1
109,179,20,-1,0.25,300,uniform,1
110,434,18,0,64,100,uniform,3
111,141,1,-1,16,50,lognormal,2
112,337,4,-1,64,50,lognormal,2
113,559,12,0,16,300,normal,1
114,454,20,-1,0.25,100,uniform,3
115,65,6,0,64,100,normal,2
116,321,16,-1,1,50,lognormal,3
117,412,16,0,0.25,50,lognormal,1
118,111,11,1,16,100,normal,1
119,475,6,1,4,300,lognormal,2
120,461,9,-1,0.25,100,normal,2
121,74,4,-1,1,300,uniform,2
122,322,8,0,0.25,50,uniform,3
123,24,3,-1,16,50,normal,2
124,262,11,0,0,300,lognormal,3
125,472,18,-1,0.25,50,lognormal,2
126,119,10,0,0,50,even_discrete,3
127,386,9,0,0,100,uniform,1
128,102,13,1,4,300,normal,3
129,39,15,1,1,50,lognormal,2
130,40,11,1,16,50,even_discrete,3
131,13,5,1,16,300,normal,3
132,575,8,0,16,300,uniform,1
133,78,14,1,1,50,lognormal,1
134,372,18,1,4,100,normal,1
135,337,2,-1,64,50,lognormal,2
136,193,18,1,4,300,lognormal,1
137,530,8,-1,1,100,uniform,2
138,252,15,-1,64,100,uniform,1
139,20,12,0,1,300,normal,2
140,268,15,-1,1,50,even_discrete,2
141,374,9,1,64,300,normal,2
142,217,15,1,4,50,normal,1
143,127,3,-1,0.25,300,uniform,2
144,1,6,-1,0.25,300,even_discrete,3
145,35,16,1,0.25,300,normal,3
146,403,15,0,64,100,normal,3
147,41,4,-1,4,50,uniform,2
148,364,6,0,0.25,100,normal,3
149,217,5,1,4,50,normal,1
150,187,10,1,4,100,lognormal,2
151,493,12,1,1,100,lognormal,2
152,164,17,1,64,50,normal,3
153,323,16,-1,64,50,uniform,1
154,190,6,1,0.25,300,lognormal,1
155,34,8,-1,16,100,normal,2
156,154,10,0,16,50,even_discrete,1
157,441,3,0,0.25,50,lognormal,2
158,86,4,0,0.25,50,uniform,2
159,557,7,1,0.25,300,uniform,1
160,315,6,1,16,50,normal,1
1,457,10,1,16,100,uniform,3
2,118,20,0,4,100,normal,3
3,201,11,-1,16,300,normal,2
4,72,4,1,16,300,uniform,2
5,33,8,1,1,300,even_discrete,2
6,538,15,-1,64,300,lognormal,1
7,249,8,0,0,300,lognormal,1
8,249,16,0,0,300,lognormal,1
9,40,19,1,16,50,even_discrete,3
10,307,3,1,64,50,lognormal,2
11,333,4,0,16,100,uniform,1
12,238,3,-1,0.25,300,normal,2
13,432,12,1,4,50,even_discrete,3
14,41,5,-1,4,50,uniform,2
15,359,9,0,0,300,even_discrete,1
16,536,17,1,16,50,lognormal,3
17,232,20,1,0.25,50,uniform,2
18,451,18,-1,0.25,100,lognormal,1
19,512,5,1,0.25,50,uniform,3
20,209,6,0,0,300,normal,1
21,526,4,0,0,300,lognormal,2
22,114,19,0,0,100,even_discrete,3
23,294,12,1,16,50,lognormal,2
24,80,7,1,64,300,lognormal,3
25,326,5,1,1,300,uniform,2
26,161,2,-1,4,50,even_discrete,3
27,119,18,0,0,50,even_discrete,3
28,289,5,-1,64,300,normal,3
29,287,7,1,64,100,uniform,3
30,70,7,1,16,300,even_discrete,3
31,554,16,-1,1,300,lognormal,2
32,556,18,0,16,50,normal,3
33,174,18,1,16,300,lognormal,1
34,494,16,-1,0.25,100,uniform,1
35,391,9,-1,4,300,even_discrete,1
36,199,20,-1,0.25,50,uniform,1
37,507,19,1,1,100,even_discrete,3
38,218,15,0,64,100,uniform,1
39,407,19,0,0.25,300,lognormal,3
40,58,17,1,16,100,even_discrete,2
41,563,15,1,0.25,100,even_discrete,2
42,446,6,-1,4,300,even_discrete,3
43,51,13,-1,16,50,uniform,3
44,308,18,1,0.25,300,normal,1
45,454,4,-1,0.25,100,uniform,3
46,560,3,1,64,100,even_discrete,2
47,395,3,0,1,50,normal,3
48,463,14,-1,4,50,normal,1
49,109,1,1,16,100,lognormal,2
50,466,5,1,16,50,lognormal,1
51,300,5,0,4,50,normal,3
52,29,7,0,0.25,50,even_discrete,3
53,89,10,-1,0.25,100,even_discrete,2
54,564,3,1,64,50,uniform,1
55,85,5,0,4,50,lognormal,1
56,289,12,-1,64,300,normal,3
57,44,5,1,16,300,even_discrete,1
58,153,13,1,64,100,normal,1
59,443,9,0,64,50,lognormal,3
60,376,12,-1,4,300,even_discrete,2
61,280,5,1,4,100,even_discrete,3
62,241,1,1,16,100,normal,3
63,166,3,-1,0.25,50,lognormal,3
64,473,19,-1,4,100,even_discrete,3
65,28,7,-1,4,50,lognormal,3
66,408,15,-1,0.25,300,uniform,3
67,50,7,-1,64,100,normal,3
68,486,16,0,64,50,even_discrete,1
69,357,9,1,1,50,even_discrete,3
70,413,13,-1,4,50,normal,2
71,26,19,-1,1,300,lognormal,1
72,447,20,-1,1,50,uniform,1
73,1,17,-1,0.25,300,even_discrete,3
74,519,18,-1,16,300,even_discrete,2
75,274,20,-1,64,100,even_discrete,3
76,438,1,1,4,100,even_discrete,1
77,508,9,-1,16,300,uniform,2
78,239,17,0,0.25,100,uniform,2
79,103,5,-1,1,300,normal,2
80,514,15,0,0.25,100,lognormal,1
81,546,16,0,64,50,normal,1
82,349,5,-1,4,100,even_discrete,1
83,492,20,-1,64,300,even_discrete,3
84,84,9,-1,0.25,50,uniform,3
85,474,2,0,0,50,normal,3
86,125,8,1,0.25,100,lognormal,2
87,280,20,1,4,100,even_discrete,3
88,452,4,0,4,300,uniform,2
89,311,18,0,16,100,uniform,3
90,5,8,-1,1,50,uniform,2
91,515,4,1,64,50,normal,1
92,174,10,1,16,300,lognormal,1
93,21,6,1,1,300,normal,3
94,87,9,-1,0.25,300,lognormal,3
95,272,6,1,0.25,100,lognormal,1
96,190,1,1,0.25,300,lognormal,1
97,306,4,-1,1,100,lognormal,3
98,479,17,0,0,100,normal,3
99,313,10,1,64,100,normal,3
100,544,4,0,1,50,uniform,1
101,27,15,1,1,300,even_discrete,1
102,445,9,1,64,50,uniform,3
103,385,4,0,0.25,100,even_discrete,3
104,57,2,0,16,100,even_discrete,1
105,410,16,1,16,300,lognormal,3
106,235,14,1,64,100,normal,2
107,82,12,-1,0.25,300,normal,1
108,339,4,-1,16,50,uniform,1
109,493,15,1,1,100,lognormal,2
110,303,10,-1,1,300,even_discrete,1
111,203,2,1,4,100,normal,2
112,118,2,0,4,100,normal,3
113,167,7,1,0.25,50,lognormal,3
114,21,4,1,1,300,normal,3
115,1,18,-1,0.25,300,even_discrete,3
116,170,2,0,0,300,normal,2
117,54,14,1,1,300,uniform,3
118,166,9,-1,0.25,50,lognormal,3
119,309,2,-1,16,50,even_discrete,1
120,59,5,0,1,300,even_discrete,1
121,355,13,0,16,50,normal,2
122,349,6,-1,4,100,even_discrete,1
123,540,2,1,64,100,uniform,2
124,97,5,1,64,50,even_discrete,3
125,345,5,0,1,100,uniform,2
126,129,11,-1,4,300,uniform,1
127,158,10,-1,4,50,even_discrete,2
128,435,12,0,64,100,even_discrete,1
129,327,20,-1,4,100,normal,1
130,449,1,0,64,300,uniform,1
131,527,9,0,4,100,uniform,3
132,377,7,1,0.25,100,normal,3
133,129,8,-1,4,300,uniform,1
134,113,1,0,0.25,50,lognormal,3
135,258,6,1,0.25,300,even_discrete,1
136,186,1,-1,0.25,50,even_discrete,1
137,528,18,0,16,50,even_discrete,2
138,78,7,1,1,50,lognormal,1
139,155,14,-1,64,100,uniform,2
140,557,20,1,0.25,300,uniform,1
141,345,14,0,1,100,uniform,2
142,458,1,-1,1,100,even_discrete,2
143,409,7,0,64,100,normal,1
144,332,7,1,16,50,normal,3
145,521,11,-1,4,100,lognormal,3
146,250,12,-1,16,300,lognormal,1
147,227,18,0,1,100,lognormal,3
148,4,9,-1,4,50,uniform,3
149,255,9,-1,64,300,uniform,2
150,186,11,-1,0.25,50,even_discrete,1
151,517,6,-1,16,300,normal,1
152,497,19,-1,1,300,even_discrete,3
153,19,15,0,0.25,300,even_discrete,3
154,425,18,-1,16,100,uniform,1
155,445,5,1,64,50,uniform,3
156,178,18,1,4,300,uniform,1
157,442,14,-1,16,100,uniform,3
158,475,11,1,4,300,lognormal,2
159,274,13,-1,64,100,even_discrete,3
160,359,11,0,0,300,even_discrete,1
1,307,2,1,64,50,lognormal,2
2,553,2,0,16,300,uniform,2
3,48,4,-1,0.25,100,uniform,2
4,428,17,1,0.25,50,even_discrete,3
5,238,4,-1,0.25,300,normal,2
6,203,19,1,4,100,normal,2
7,576,20,0,4,300,uniform,1
8,229,11,-1,64,50,uniform,3
9,120,11,0,4,50,uniform,1
10,82,15,-1,0.25,300,normal,1
11,205,15,0,4,300,even_discrete,3
12,527,10,0,4,100,uniform,3
13,539,6,1,16,300,normal,2
14,233,18,0,1,300,even_discrete,2
15,401,1,1,64,300,normal,3
16,275,16,1,0.25,100,uniform,2
17,132,14,-1,4,50,even_discrete,1
18,540,12,1,64,100,uniform,2
19,507,18,1,1,100,even_discrete,3
20,333,7,0,16,100,uniform,1
21,260,12,1,64,50,normal,2
22,110,1,1,4,50,uniform,1
23,247,15,0,0,50,even_discrete,1
24,398,10,0,0.25,100,normal,2
25,312,17,0,4,100,normal,1
26,411,3,-1,0.25,300,lognormal,1
27,180,6,-1,1,100,uniform,3
28,288,7,-1,16,100,uniform,2
29,569,5,-1,4,100,lognormal,1
30,99,19,-1,1,300,uniform,3
31,359,12,0,0,300,even_discrete,1
32,49,20,-1,1,100,even_discrete,3
33,395,8,0,1,50,normal,3
34,416,20,0,16,100,even_discrete,2
35,162,5,1,0.25,300,lognormal,3
36,44,19,1,16,300,even_discrete,1
37,332,5,1,16,50,normal,3
38,342,4,-1,4,50,lognormal,2
39,473,12,-1,4,100,even_discrete,3
40,64,18,0,64,300,normal,2
41,488,6,0,4,100,normal,2
42,552,11,1,0.25,100,uniform,1
43,443,10,0,64,50,lognormal,3
44,237,6,0,0,100,lognormal,2
45,513,19,-1,16,50,even_discrete,2
46,573,11,0,1,50,uniform,2
47,7,14,1,64,50,even_discrete,2
48,251,3,1,0.25,50,uniform,1
49,145,13,0,4,300,even_discrete,2
50,4,19,-1,4,50,uniform,3
51,204,12,0,0.25,100,even_discrete,1
52,139,12,0,1,100,normal,1
53,41,2,-1,4,50,uniform,2
54,415,15,-1,0.25,300,lognormal,2
55,153,16,1,64,100,normal,1
56,41,11,-1,4,50,uniform,2
57,480,1,0,4,300,lognormal,1
58,225,19,-1,0.25,300,even_discrete,1
59,358,14,1,1,300,normal,2
60,5,8,-1,1,50,uniform,2
61,39,10,1,1,50,lognormal,2
62,120,17,0,4,50,uniform,1
63,140,20,-1,64,300,even_discrete,2
64,173,17,1,16,100,lognormal,3
65,122,2,1,64,50,even_discrete,1
66,438,8,1,4,100,even_discrete,1
67,150,5,1,0.25,300,uniform,2
68,68,9,1,1,100,normal,3
69,134,11,-1,64,300,lognormal,2
70,555,5,0,64,50,lognormal,1
71,44,11,1,16,300,even_discrete,1
72,276,5,0,4,50,lognormal,2
73,532,5,1,16,300,lognormal,2
74,368,20,0,0.25,300,uniform,1
75,203,12,1,4,100,normal,2
76,172,9,0,0,100,uniform,3
77,465,18,0,1,50,even_discrete,3
78,30,9,-1,1,300,even_discrete,2
79,526,8,0,0,300,lognormal,2
80,170,1,0,0,300,normal,2
81,473,11,-1,4,100,even_discrete,3
82,237,17,0,0,100,lognormal,2
83,195,19,-1,16,50,lognormal,1
84,134,17,-1,64,300,lognormal,2
85,179,19,-1,0.25,300,uniform,1
86,553,17,0,16,300,uniform,2
87,182,10,0,1,300,lognormal,3
88,292,16,0,1,100,even_discrete,2
89,209,2,0,0,300,normal,1
90,36,7,1,16,100,lognormal,1
91,27,5,1,1,300,even_discrete,1
92,295,14,0,0,50,even_discrete,2
93,392,7,0,16,50,lognormal,3
94,478,14,0,0,100,even_discrete,2
95,357,16,1,1,50,even_discrete,3
96,172,9,0,0,100,uniform,3
97,95,19,0,16,100,normal,2
98,8,16,1,4,100,even_discrete,2
99,257,15,1,16,50,uniform,3
100,258,2,1,0.25,300,even_discrete,1
101,157,20,1,0.25,100,normal,2
102,511,6,0,4,300,lognormal,2
103,34,13,-1,16,100,normal,2
104,319,13,-1,4,100,normal,2
105,84,14,-1,0.25,50,uniform,3
106,521,12,-1,4,100,lognormal,3
107,352,2,1,64,300,even_discrete,1
108,542,18,-1,4,300,lognormal,3
109,349,2,-1,4,100,even_discrete,1
110,526,14,0,0,300,lognormal,2
111,76,12,0,1,100,uniform,1
112,553,9,0,16,300,uniform,2
113,573,15,0,1,50,uniform,2
114,376,18,-1,4,300,even_discrete,2
115,262,17,0,0,300,lognormal,3
116,133,7,0,4,100,even_discrete,3
117,65,7,0,64,100,normal,2
118,360,15,1,1,50,uniform,3
119,375,7,-1,1,300,uniform,1
120,347,12,1,4,100,uniform,3
121,136,8,0,0.25,100,even_discrete,2
122,11,18,0,0,100,normal,2
123,87,14,-1,0.25,300,lognormal,3
124,556,8,0,16,50,normal,3
125,274,6,-1,64,100,even_discrete,3
126,24,3,-1,16,50,normal,2
127,113,19,0,0.25,50,lognormal,3
128,494,15,-1,0.25,100,uniform,1
129,179,8,-1,0.25,300,uniform,1
130,242,9,-1,4,50,lognormal,1
131,146,16,-1,64,100,lognormal,2
132,473,14,-1,4,100,even_discrete,3
133,535,16,0,0.25,50,normal,2
134,447,4,-1,1,50,uniform,1
135,62,4,-1,4,300,uniform,2
136,60,3,1,16,100,uniform,2
137,514,10,0,0.25,100,lognormal,1
138,261,1,1,0.25,100,even_discrete,3
139,441,13,0,0.25,50,lognormal,2
140,439,8,0,64,50,normal,2
141,310,3,-1,16,300,even_discrete,3
142,101,8,1,16,300,uniform,1
143,46,18,1,4,300,even_discrete,3
144,200,11,0,0,50,uniform,2
145,402,14,0,1,300,uniform,1
146,447,20,-1,1,50,uniform,1
147,168,14,-1,64,300,normal,1
148,122,3,1,64,50,even_discrete,1
149,262,14,0,0,300,lognormal,3
150,455,20,0,0,50,normal,1
151,228,18,1,64,300,even_discrete,2
152,340,1,-1,16,100,lognormal,1
153,312,4,0,4,100,normal,1
154,404,10,1,4,50,normal,3
155,477,10,0,4,100,lognormal,2
156,166,14,-1,0.25,50,lognormal,3
157,75,18,-1,64,300,even_discrete,1
158,354,19,-1,16,50,even_discrete,3
159,293,15,1,1,100,normal,1
160,192,20,1,1,100,lognormal,1
1,84,14,-1,0.25,50,uniform,3
2,84,18,-1,0.25,50,uniform,3
3,205,20,0,4,300,even_discrete,3
4,121,9,0,64,50,uniform,1
5,202,6,0,16,50,even_discrete,3
6,396,13,0,1,50,normal,1
7,417,11,1,4,100,lognormal,1
8,136,3,0,0.25,100,even_discrete,2
9,552,9,1,0.25,100,uniform,1
10,573,9,0,1,50,uniform,2
11,198,13,1,0.25,50,even_discrete,1
12,51,7,-1,16,50,uniform,3
13,152,3,0,0,100,even_discrete,1
14,260,13,1,64,50,normal,2
15,441,14,0,0.25,50,lognormal,2
16,284,19,1,4,300,normal,1
17,371,15,0,1,50,lognormal,1
18,96,2,1,1,300,lognormal,2
19,519,2,-1,16,300,even_discrete,2
20,163,17,0,1,50,lognormal,3
21,375,8,-1,1,300,uniform,1
22,305,14,0,64,300,uniform,3
23,438,13,1,4,100,even_discrete,1
24,9,5,-1,1,300,normal,1
25,269,7,1,0.25,50,normal,1
26,27,9,1,1,300,even_discrete,1
27,44,2,1,16,300,even_discrete,1
28,258,3,1,0.25,300,even_discrete,1
29,2,4,1,1,300,normal,1
30,231,14,0,4,50,even_discrete,2
31,316,1,-1,0.25,100,even_discrete,3
32,264,12,0,0,100,lognormal,1
33,320,16,-1,0.25,100,lognormal,3
34,342,19,-1,4,50,lognormal,2
35,570,14,-1,16,50,normal,1
36,106,16,0,0,50,lognormal,1
37,159,12,0,4,50,even_discrete,1
38,156,20,0,16,300,lognormal,2
39,74,18,-1,1,300,uniform,2
40,232,9,1,0.25,50,uniform,2
41,426,11,-1,16,100,lognormal,3
42,490,1,0,16,300,lognormal,1
43,254,20,-1,1,100,lognormal,1
44,388,10,1,64,50,lognormal,3
45,352,17,1,64,300,even_discrete,1
46,226,10,-1,4,100,uniform,3
47,472,5,-1,0.25,50,lognormal,2
48,403,11,0,64,100,normal,3
49,461,6,-1,0.25,100,normal,2
50,407,2,0,0.25,300,lognormal,3
51,241,16,1,16,100,normal,3
52,102,16,1,4,300,normal,3
53,493,4,1,1,100,lognormal,2
54,173,20,1,16,100,lognormal,3
55,416,18,0,16,100,even_discrete,2
56,96,15,1,1,300,lognormal,2
57,360,20,1,1,50,uniform,3
58,355,1,0,16,50,normal,2
59,319,7,-1,4,100,normal,2
60,126,4,0,0.25,100,uniform,3
61,333,15,0,16,100,uniform,1
62,307,3,1,64,50,lognormal,2
63,511,16,0,4,300,lognormal,2
64,554,4,-1,1,300,lognormal,2
65,174,13,1,16,300,lognormal,1
66,426,11,-1,16,100,lognormal,3
67,379,16,0,4,50,uniform,2
68,526,2,0,0,300,lognormal,2
69,136,8,0,0.25,100,even_discrete,2
70,31,6,-1,16,300,lognormal,2
71,534,3,0,0.25,300,normal,2
72,332,7,1,16,50,normal,3
73,147,11,0,0,300,uniform,2
74,348,11,-1,64,50,normal,1
75,170,18,0,0,300,normal,2
76,339,12,-1,16,50,uniform,1
77,274,13,-1,64,100,even_discrete,3
78,438,8,1,4,100,even_discrete,1
79,468,12,1,0.25,100,lognormal,3
80,418,16,-1,1,100,uniform,1
81,69,9,0,0,300,even_discrete,2
82,7,11,1,64,50,even_discrete,2
83,264,6,0,0,100,lognormal,1
84,154,7,0,16,50,even_discrete,1
85,448,13,0,64,300,lognormal,1
86,229,2,-1,64,50,uniform,3
87,186,7,-1,0.25,50,even_discrete,1
88,513,12,-1,16,50,even_discrete,2
89,572,10,-1,0.25,100,even_discrete,1
90,128,6,0,0,300,uniform,3
91,341,6,0,4,50,lognormal,3
92,438,6,1,4,100,even_discrete,1
93,69,11,0,0,300,even_discrete,2
94,485,4,1,4,300,uniform,3
95,392,2,0,16,50,lognormal,3
96,560,20,1,64,100,even_discrete,2
97,552,2,1,0.25,100,uniform,1
98,130,11,0,16,300,even_discrete,1
99,336,6,0,4,100,uniform,2
100,551,5,0,64,100,lognormal,3
101,107,1,0,0,300,normal,3
102,268,8,-1,1,50,even_discrete,2
103,248,17,0,1,300,normal,3
104,302,15,0,1,300,lognormal,2
105,147,7,0,0,300,uniform,2
106,506,20,1,1,50,uniform,1
107,230,18,-1,1,50,even_discrete,1
108,47,20,1,64,100,lognormal,1
109,539,1,1,16,300,normal,2
110,356,6,-1,16,100,normal,1
111,251,10,1,0.25,50,uniform,1
112,48,7,-1,0.25,100,uniform,2
113,171,18,-1,4,300,lognormal,2
114,564,3,1,64,50,uniform,1
115,353,15,1,16,100,even_discrete,3
116,190,4,1,0.25,300,lognormal,1
117,332,3,1,16,50,normal,3
118,440,19,1,64,300,lognormal,1
119,232,16,1,0.25,50,uniform,2
120,401,3,1,64,300,normal,3
121,92,3,1,4,300,normal,2
122,420,20,-1,64,50,lognormal,3
123,106,7,0,0,50,lognormal,1
124,272,3,1,0.25,100,lognormal,1
125,119,10,0,0,50,even_discrete,3
126,487,17,-1,64,100,even_discrete,2
127,250,14,-1,16,300,lognormal,1
128,317,8,0,1,300,uniform,2
129,196,1,0,16,50,uniform,1
130,474,3,0,0,50,normal,3
131,302,7,0,1,300,lognormal,2
132,476,15,1,1,300,lognormal,3
133,540,5,1,64,100,uniform,2
134,7,3,1,64,50,even_discrete,2
135,360,7,1,1,50,uniform,3
136,515,16,1,64,50,normal,1
137,542,20,-1,4,300,lognormal,3
138,477,4,0,4,100,lognormal,2
139,31,5,-1,16,300,lognormal,2
140,145,7,0,4,300,even_discrete,2
141,428,19,1,0.25,50,even_discrete,3
142,482,11,1,64,100,lognormal,2
143,230,11,-1,1,50,even_discrete,1
144,280,4,1,4,100,even_discrete,3
145,570,9,-1,16,50,normal,1
146,116,7,1,4,100,uniform,2
147,455,9,0,0,50,normal,1
148,457,1,1,16,100,uniform,3
149,143,7,1,1,100,lognormal,3
150,554,1,-1,1,300,lognormal,2
151,472,19,-1,0.25,50,lognormal,2
152,115,5,0,0.25,300,normal,1
153,183,2,0,0,50,lognormal,2
154,128,7,0,0,300,uniform,3
155,186,18,-1,0.25,50,even_discrete,1
156,516,9,1,64,100,even_discrete,3
157,549,20,0,0,300,uniform,1
158,191,18,1,1,50,normal,2
159,31,9,-1,16,300,lognormal,2
160,253,9,-1,0.25,50,even_discrete,2
1,478,17,0,0,100,even_discrete,2
2,483,10,0,0,50,lognormal,3
3,366,16,0,0,100,normal,1
4,571,14,0,0,300,even_discrete,3
5,249,10,0,0,300,lognormal,1
6,571,8,0,0,300,even_discrete,3
7,331,5,0,64,50,uniform,3
8,143,7,1,1,100,lognormal,3
9,571,4,0,0,300,even_discrete,3
10,11,20,0,0,100,normal,2
11,183,7,0,0,50,lognormal,2
12,69,8,0,0,300,even_discrete,2
13,510,1,-1,64,50,normal,2
14,183,17,0,0,50,lognormal,2
15,473,11,-1,4,100,even_discrete,3
16,264,20,0,0,100,lognormal,1
17,549,17,0,0,300,uniform,1
18,152,1,0,0,100,even_discrete,1
19,434,11,0,64,100,uniform,3
20,179,18,-1,0.25,300,uniform,1
21,70,16,1,16,300,even_discrete,3
22,298,5,-1,1,100,normal,1
23,35,19,1,0.25,300,normal,3
24,571,15,0,0,300,even_discrete,3
25,359,20,0,0,300,even_discrete,1
26,346,1,1,64,50,lognormal,1
27,164,4,1,64,50,normal,3
28,211,19,0,0,50,uniform,3
29,211,17,0,0,50,uniform,3
30,209,1,0,0,300,normal,1
31,401,19,1,64,300,normal,3
32,97,15,1,64,50,even_discrete,3
33,564,6,1,64,50,uniform,1
34,370,15,0,0,50,uniform,1
35,107,13,0,0,300,normal,3
36,554,12,-1,1,300,lognormal,2
37,123,8,0,0,100,lognormal,3
38,390,3,0,0,50,normal,2
39,11,3,0,0,100,normal,2
40,158,16,-1,4,50,even_discrete,2
41,295,13,0,0,50,even_discrete,2
42,247,19,0,0,50,even_discrete,1
43,172,19,0,0,100,uniform,3
44,142,14,-1,4,50,normal,3
45,187,6,1,4,100,lognormal,2
46,479,7,0,0,100,normal,3
47,265,19,0,0,100,uniform,2
48,106,6,0,0,50,lognormal,1
49,172,4,0,0,100,uniform,3
50,326,16,1,1,300,uniform,2
51,128,9,0,0,300,uniform,3
52,549,20,0,0,300,uniform,1
53,172,6,0,0,100,uniform,3
54,483,7,0,0,50,lognormal,3
55,107,2,0,0,300,normal,3
56,455,6,0,0,50,normal,1
57,451,16,-1,0.25,100,lognormal,1
58,152,5,0,0,100,even_discrete,1
59,152,11,0,0,100,even_discrete,1
60,440,18,1,64,300,lognormal,1
61,69,16,0,0,300,even_discrete,2
62,478,2,0,0,100,even_discrete,2
63,221,11,1,1,50,normal,1
64,441,18,0,0.25,50,lognormal,2
65,385,3,0,0.25,100,even_discrete,3
66,200,16,0,0,50,uniform,2
67,250,3,-1,16,300,lognormal,1
68,343,5,-1,16,50,uniform,2
69,390,10,0,0,50,normal,2
70,107,10,0,0,300,normal,3
71,504,15,0,64,100,even_discrete,2
72,553,10,0,16,300,uniform,2
73,569,16,-1,4,100,lognormal,1
74,114,14,0,0,100,even_discrete,3
75,166,3,-1,0.25,50,lognormal,3
76,138,15,0,0.25,300,even_discrete,2
77,249,6,0,0,300,lognormal,1
78,170,6,0,0,300,normal,2
79,309,3,-1,16,50,even_discrete,1
80,422,10,1,4,50,normal,2
81,198,15,1,0.25,50,even_discrete,1
82,130,8,0,16,300,even_discrete,1
83,317,16,0,1,300,uniform,2
84,549,20,0,0,300,uniform,1
85,68,9,1,1,100,normal,3
86,11,11,0,0,100,normal,2
87,366,16,0,0,100,normal,1
88,183,14,0,0,50,lognormal,2
89,515,3,1,64,50,normal,1
90,168,5,-1,64,300,normal,1
91,181,12,0,16,100,normal,1
92,117,12,-1,1,100,lognormal,2
93,187,15,1,4,100,lognormal,2
94,97,18,1,64,50,even_discrete,3
95,366,17,0,0,100,normal,1
96,404,14,1,4,50,normal,3
97,483,20,0,0,50,lognormal,3
98,308,13,1,0.25,300,normal,1
99,107,17,0,0,300,normal,3
100,209,10,0,0,300,normal,1
101,62,16,-1,4,300,uniform,2
102,455,11,0,0,50,normal,1
103,200,7,0,0,50,uniform,2
104,390,12,0,0,50,normal,2
105,515,6,1,64,50,normal,1
106,483,8,0,0,50,lognormal,3
107,61,13,0,1,300,uniform,3
108,163,16,0,1,50,lognormal,3
109,397,9,1,64,50,uniform,2
110,231,17,0,4,50,even_discrete,2
111,390,19,0,0,50,normal,2
112,119,20,0,0,50,even_discrete,3
113,264,5,0,0,100,lognormal,1
114,114,8,0,0,100,even_discrete,3
115,321,14,-1,1,50,lognormal,3
116,122,11,1,64,50,even_discrete,1
117,69,11,0,0,300,even_discrete,2
118,386,4,0,0,100,uniform,1
119,424,18,0,64,300,even_discrete,1
120,455,16,0,0,50,normal,1
121,262,9,0,0,300,lognormal,3
122,315,16,1,16,50,normal,1
123,312,11,0,4,100,normal,1
124,92,4,1,4,300,normal,2
125,208,3,0,16,300,lognormal,3
126,126,18,0,0.25,100,uniform,3
127,143,8,1,1,100,lognormal,3
128,390,6,0,0,50,normal,2
129,123,6,0,0,100,lognormal,3
130,308,14,1,0.25,300,normal,1
131,474,19,0,0,50,normal,3
132,237,5,0,0,100,lognormal,2
133,249,17,0,0,300,lognormal,1
134,147,20,0,0,300,uniform,2
135,247,18,0,0,50,even_discrete,1
136,147,15,0,0,300,uniform,2
137,549,13,0,0,300,uniform,1
138,247,2,0,0,50,even_discrete,1
139,478,2,0,0,100,even_discrete,2
140,560,6,1,64,100,even_discrete,2
141,474,20,0,0,50,normal,3
142,364,17,0,0.25,100,normal,3
143,370,9,0,0,50,uniform,1
144,476,20,1,1,300,lognormal,3
145,366,20,0,0,100,normal,1
146,106,14,0,0,50,lognormal,1
147,283,10,1,0.25,50,lognormal,1
148,483,10,0,0,50,lognormal,3
149,382,15,-1,16,100,normal,3
150,401,12,1,64,300,normal,3
151,488,20,0,4,100,normal,2
152,247,7,0,0,50,even_discrete,1
153,314,7,-1,1,100,even_discrete,1
154,75,9,-1,64,300,even_discrete,1
155,212,6,-1,64,300,lognormal,3
156,265,15,0,0,100,uniform,2
157,285,7,1,4,50,uniform,3
158,264,8,0,0,100,lognormal,1
159,359,16,0,0,300,even_discrete,1
160,500,1,1,64,300,uniform,2
1,156,5,0,16,300,lognormal,2
2,351,11,-1,16,100,even_discrete,1
3,500,9,1,64,300,uniform,2
4,238,5,-1,0.25,300,normal,2
5,217,17,1,4,50,normal,1
6,4,6,-1,4,50,uniform,3
7,352,3,1,64,300,even_discrete,1
8,35,4,1,0.25,300,normal,3
9,469,20,-1,0.25,50,normal,1
10,279,13,1,0.25,100,even_discrete,1
11,320,10,-1,0.25,100,lognormal,3
12,12,2,1,4,300,lognormal,3
13,287,19,1,64,100,uniform,3
14,215,10,-1,64,100,even_discrete,1
15,383,13,0,1,100,normal,2
16,158,3,-1,4,50,even_discrete,2
17,541,18,1,16,100,even_discrete,1
18,86,8,0,0.25,50,uniform,2
19,263,3,0,16,50,lognormal,2
20,315,20,1,16,50,normal,1
21,537,6,0,16,50,uniform,3
22,104,3,1,64,100,lognormal,3
23,142,3,-1,4,50,normal,3
24,198,17,1,0.25,50,even_discrete,1
25,411,16,-1,0.25,300,lognormal,1
26,504,7,0,64,100,even_discrete,2
27,182,1,0,1,300,lognormal,3
28,490,8,0,16,300,lognormal,1
29,536,1,1,16,50,lognormal,3
30,39,9,1,1,50,lognormal,2
31,555,15,0,64,50,lognormal,1
32,21,10,1,1,300,normal,3
33,373,12,1,1,100,even_discrete,2
34,492,3,-1,64,300,even_discrete,3
35,57,18,0,16,100,even_discrete,1
36,333,17,0,16,100,uniform,1
37,475,7,1,4,300,lognormal,2
38,241,10,1,16,100,normal,3
39,98,17,1,0.25,50,even_discrete,2
40,320,12,-1,0.25,100,lognormal,3
41,15,4,1,4,50,lognormal,2
42,330,13,-1,1,50,uniform,3
43,500,2,1,64,300,uniform,2
44,94,2,0,64,300,even_discrete,2
45,81,10,-1,4,300,normal,3
46,358,18,1,1,300,normal,2
47,328,1,0,0.25,300,even_discrete,1
48,523,4,-1,64,300,uniform,1
49,28,2,-1,4,50,lognormal,3
50,370,13,0,0,50,uniform,1
51,309,17,-1,16,50,even_discrete,1
52,78,3,1,1,50,lognormal,1
53,233,7,0,1,300,even_discrete,2
54,37,9,0,0.25,100,uniform,1
55,24,3,-1,16,50,normal,2
56,368,10,0,0.25,300,uniform,1
57,372,10,1,4,100,normal,1
58,442,8,-1,16,100,uniform,3
59,452,15,0,4,300,uniform,2
60,198,2,1,0.25,50,even_discrete,1
61,380,9,-1,1,100,normal,2
62,467,6,1,4,300,even_discrete,2
63,261,8,1,0.25,100,even_discrete,3
64,343,1,-1,16,50,uniform,2
65,30,5,-1,1,300,even_discrete,2
66,413,2,-1,4,50,normal,2
67,566,9,0,0.25,100,lognormal,2
68,289,13,-1,64,300,normal,3
69,287,16,1,64,100,uniform,3
70,481,16,1,16,50,even_discrete,1
71,73,4,1,0.25,50,lognormal,2
72,267,14,-1,4,100,even_discrete,2
73,277,6,0,16,100,even_discrete,3
74,98,19,1,0.25,50,even_discrete,2
75,129,6,-1,4,300,uniform,1
76,400,16,1,1,300,uniform,1
77,470,14,1,1,100,uniform,2
78,360,11,1,1,50,uniform,3
79,318,11,0,0.25,50,normal,3
80,91,8,-1,4,300,lognormal,1
81,514,13,0,0.25,100,lognormal,1
82,212,3,-1,64,300,lognormal,3
83,539,8,1,16,300,normal,2
84,399,16,1,64,100,uniform,1
85,230,15,-1,1,50,even_discrete,1
86,459,4,-1,16,100,even_discrete,3
87,278,11,1,1,50,normal,3
88,174,19,1,16,300,lognormal,1
89,414,12,-1,64,300,uniform,3
90,443,16,0,64,50,lognormal,3
91,116,7,1,4,100,uniform,2
92,369,3,-1,0.25,300,even_discrete,2
93,45,2,-1,16,300,uniform,1
94,142,20,-1,4,50,normal,3
95,351,5,-1,16,100,even_discrete,1
96,229,18,-1,64,50,uniform,3
97,393,6,-1,0.25,300,normal,3
98,253,6,-1,0.25,50,even_discrete,2
99,413,7,-1,4,50,normal,2
100,348,13,-1,64,50,normal,1
101,3,18,0,4,50,even_discrete,3
102,109,12,1,16,100,lognormal,2
103,481,5,1,16,50,even_discrete,1
104,23,6,1,1,100,uniform,1
105,514,11,0,0.25,100,lognormal,1
106,46,2,1,4,300,even_discrete,3
107,114,9,0,0,100,even_discrete,3
108,499,11,1,4,50,even_discrete,2
109,131,16,-1,16,50,lognormal,3
110,187,1,1,4,100,lognormal,2
111,344,6,-1,1,300,normal,3
112,332,17,1,16,50,normal,3
113,293,20,1,1,100,normal,1
114,417,1,1,4,100,lognormal,1
115,358,11,1,1,300,normal,2
116,255,14,-1,64,300,uniform,2
117,538,8,-1,64,300,lognormal,1
118,49,2,-1,1,100,even_discrete,3
119,507,1,1,1,100,even_discrete,3
120,323,14,-1,64,50,uniform,1
121,512,7,1,0.25,50,uniform,3
122,399,1,1,64,100,uniform,1
123,499,20,1,4,50,even_discrete,2
124,369,1,-1,0.25,300,even_discrete,2
125,257,13,1,16,50,uniform,3
126,308,9,1,0.25,300,normal,1
127,176,3,-1,0.25,100,normal,1
128,397,11,1,64,50,uniform,2
129,558,13,1,16,300,normal,1
130,56,16,0,4,100,even_discrete,2
131,429,17,1,1,100,even_discrete,1
132,285,18,1,4,50,uniform,3
133,298,4,-1,1,100,normal,1
134,146,16,-1,64,100,lognormal,2
135,49,9,-1,1,100,even_discrete,3
136,453,11,0,16,50,lognormal,1
137,505,1,1,4,50,uniform,2
138,411,9,-1,0.25,300,lognormal,1
139,111,17,1,16,100,normal,1
140,461,9,-1,0.25,100,normal,2
141,109,15,1,16,100,lognormal,2
142,240,3,0,64,50,uniform,2
143,18,17,-1,4,100,lognormal,2
144,242,14,-1,4,50,lognormal,1
145,540,1,1,64,100,uniform,2
146,368,1,0,0.25,300,uniform,1
147,55,1,1,4,100,normal,3
148,289,4,-1,64,300,normal,3
149,387,17,0,1,50,uniform,3
150,83,5,1,1,50,uniform,2
151,155,13,-1,64,100,uniform,2
152,261,16,1,0.25,100,even_discrete,3
153,42,6,1,0.25,50,normal,2
154,398,11,0,0.25,100,normal,2
155,370,4,0,0,50,uniform,1
156,423,8,0,64,300,lognormal,2
157,403,12,0,64,100,normal,3
158,244,20,0,1,300,even_discrete,3
159,548,5,1,16,50,even_discrete,2
160,387,10,0,1,50,uniform,3
1,464,3,-1,64,100,normal,1
2,23,16,1,1,100,uniform,1
3,422,3,1,4,50,normal,2
4,215,18,-1,64,100,even_discrete,1
5,36,15,1,16,100,lognormal,1
6,326,18,1,1,300,uniform,2
7,245,4,-1,1,50,lognormal,1
8,396,20,0,1,50,normal,1
9,92,1,1,4,300,normal,2
10,400,19,1,1,300,uniform,1
11,55,18,1,4,100,normal,3
12,214,6,0,16,100,normal,3
13,392,7,0,16,50,lognormal,3
14,470,11,1,1,100,uniform,2
15,110,4,1,4,50,uniform,1
16,45,11,-1,16,300,uniform,1
17,418,9,-1,1,100,uniform,1
18,129,3,-1,4,300,uniform,1
19,348,20,-1,64,50,normal,1
20,33,14,1,1,300,even_discrete,2
21,139,7,0,1,100,normal,1
22,391,13,-1,4,300,even_discrete,1
23,188,7,0,4,300,lognormal,3
24,67,14,1,1,100,uniform,3
25,4,4,-1,4,50,uniform,3
26,180,14,-1,1,100,uniform,3
27,95,8,0,16,100,normal,2
28,287,14,1,64,100,uniform,3
29,139,20,0,1,100,normal,1
30,347,11,1,4,100,uniform,3
31,508,3,-1,16,300,uniform,2
32,19,3,0,0.25,300,even_discrete,3
33,522,11,-1,64,300,normal,2
34,178,12,1,4,300,uniform,1
35,494,10,-1,0.25,100,uniform,1
36,191,10,1,1,50,normal,2
37,226,15,-1,4,100,uniform,3
38,178,5,1,4,300,uniform,1
39,92,5,1,4,300,normal,2
40,336,2,0,4,100,uniform,2
41,393,18,-1,0.25,300,normal,3
42,58,3,1,16,100,even_discrete,2
43,191,6,1,1,50,normal,2
44,31,11,-1,16,300,lognormal,2
45,240,7,0,64,50,uniform,2
46,290,20,1,4,50,lognormal,3
47,458,4,-1,1,100,even_discrete,2
48,316,13,-1,0.25,100,even_discrete,3
49,251,8,1,0.25,50,uniform,1
50,372,9,1,4,100,normal,1
51,393,20,-1,0.25,300,normal,3
52,349,10,-1,4,100,even_discrete,1
53,45,15,-1,16,300,uniform,1
54,309,8,-1,16,50,even_discrete,1
55,134,4,-1,64,300,lognormal,2
56,49,2,-1,1,100,even_discrete,3
57,450,13,0,0.25,50,even_discrete,2
58,532,2,1,16,300,lognormal,2
59,499,2,1,4,50,even_discrete,2
60,248,19,0,1,300,normal,3
61,513,20,-1,16,50,even_discrete,2
62,18,5,-1,4,100,lognormal,2
63,240,6,0,64,50,uniform,2
64,258,16,1,0.25,300,even_discrete,1
65,50,19,-1,64,100,normal,3
66,22,14,0,16,300,even_discrete,2
67,353,18,1,16,100,even_discrete,3
68,294,14,1,16,50,lognormal,2
69,199,1,-1,0.25,50,uniform,1
70,313,11,1,64,100,normal,3
71,442,6,-1,16,100,uniform,3
72,87,1,-1,0.25,300,lognormal,3
73,432,20,1,4,50,even_discrete,3
74,234,8,1,64,300,lognormal,2
75,462,7,0,64,100,lognormal,2
76,283,6,1,0.25,50,lognormal,1
77,363,10,1,0.25,300,even_discrete,2
78,341,5,0,4,50,lognormal,3
79,92,10,1,4,300,normal,2
80,486,14,0,64,50,even_discrete,1
81,102,3,1,4,300,normal,3
82,531,13,1,16,100,normal,2
83,301,11,1,1,50,even_discrete,1
84,78,2,1,1,50,lognormal,1
85,257,18,1,16,50,uniform,3
86,228,14,1,64,300,even_discrete,2
87,124,14,1,0.25,300,uniform,3
88,344,15,-1,1,300,normal,3
89,319,5,-1,4,100,normal,2
90,406,4,0,1,100,even_discrete,3
91,339,2,-1,16,50,uniform,1
92,317,11,0,1,300,uniform,2
93,50,3,-1,64,100,normal,3
94,155,13,-1,64,100,uniform,2
95,26,10,-1,1,300,lognormal,1
96,64,8,0,64,300,normal,2
97,343,11,-1,16,50,uniform,2
98,426,1,-1,16,100,lognormal,3
99,177,16,1,4,300,even_discrete,1
100,49,15,-1,1,100,even_discrete,3
101,274,12,-1,64,100,even_discrete,3
102,226,5,-1,4,100,uniform,3
103,143,9,1,1,100,lognormal,3
104,268,10,-1,1,50,even_discrete,2
105,140,3,-1,64,300,even_discrete,2
106,93,13,0,1,100,even_discrete,1
107,155,19,-1,64,100,uniform,2
108,298,8,-1,1,100,normal,1
109,424,6,0,64,300,even_discrete,1
110,337,20,-1,64,50,lognormal,2
111,89,15,-1,0.25,100,even_discrete,2
112,468,18,1,0.25,100,lognormal,3
113,389,10,1,64,300,uniform,3
114,448,17,0,64,300,lognormal,1
115,125,4,1,0.25,100,lognormal,2
116,461,13,-1,0.25,100,normal,2
117,192,1,1,1,100,lognormal,1
118,439,14,0,64,50,normal,2
119,38,13,-1,0.25,100,lognormal,2
120,462,20,0,64,100,lognormal,2
121,158,2,-1,4,50,even_discrete,2
122,45,14,-1,16,300,uniform,1
123,308,19,1,0.25,300,normal,1
124,56,17,0,4,100,even_discrete,2
125,157,16,1,0.25,100,normal,2
126,208,20,0,16,300,lognormal,3
127,59,7,0,1,300,even_discrete,1
128,192,2,1,1,100,lognormal,1
129,563,9,1,0.25,100,even_discrete,2
130,482,4,1,64,100,lognormal,2
131,290,15,1,4,50,lognormal,3
132,395,12,0,1,50,normal,3
133,258,20,1,0.25,300,even_discrete,1
134,281,17,1,1,300,lognormal,1
135,417,12,1,4,100,lognormal,1
136,431,6,-1,64,100,lognormal,3
137,469,2,-1,0.25,50,normal,1
138,178,10,1,4,300,uniform,1
139,124,8,1,0.25,300,uniform,3
140,212,10,-1,64,300,lognormal,3
141,176,12,-1,0.25,100,normal,1
142,472,6,-1,0.25,50,lognormal,2
143,23,8,1,1,100,uniform,1
144,288,9,-1,16,100,uniform,2
145,88,10,1,1,50,lognormal,3
146,2,10,1,1,300,normal,1
147,89,2,-1,0.25,100,even_discrete,2
148,79,15,0,4,300,even_discrete,1
149,495,3,-1,0.25,50,lognormal,1
150,435,16,0,64,100,even_discrete,1
151,268,10,-1,1,50,even_discrete,2
152,475,4,1,4,300,lognormal,2
153,542,9,-1,4,300,lognormal,3
154,28,13,-1,4,50,lognormal,3
155,35,2,1,0.25,300,normal,3
156,83,16,1,1,50,uniform,2
157,261,1,1,0.25,100,even_discrete,3
158,561,9,1,16,100,uniform,1
159,330,14,-1,1,50,uniform,3
160,409,15,0,64,100,normal,1
1,219,12,1,0.25,300,normal,2
2,219,17,1,0.25,300,normal,2
3,573,1,0,1,50,uniform,2
4,193,13,1,4,300,lognormal,1
5,418,13,-1,1,100,uniform,1
6,314,1,-1,1,100,even_discrete,1
7,222,17,-1,4,300,normal,1
8,30,12,-1,1,300,even_discrete,2
9,267,8,-1,4,100,even_discrete,2
10,242,14,-1,4,50,lognormal,1
11,447,1,-1,1,50,uniform,1
12,98,15,1,0.25,50,even_discrete,2
13,492,14,-1,64,300,even_discrete,3
14,305,14,0,64,300,uniform,3
15,216,19,-1,16,50,normal,3
16,535,14,0,0.25,50,normal,2
17,102,4,1,4,300,normal,3
18,348,7,-1,64,50,normal,1
19,234,4,1,64,300,lognormal,2
20,533,11,-1,1,100,normal,3
21,444,19,-1,64,100,lognormal,1
22,263,2,0,16,50,lognormal,2
23,38,11,-1,0.25,100,lognormal,2
24,236,6,0,1,50,lognormal,2
25,187,13,1,4,100,lognormal,2
26,256,13,0,1,50,normal,2
27,195,7,-1,16,50,lognormal,1
28,491,2,-1,0.25,50,normal,2
29,471,19,-1,4,300,uniform,3
30,572,4,-1,0.25,100,even_discrete,1
31,470,2,1,1,100,uniform,2
32,32,7,0,64,300,uniform,2
33,328,1,0,0.25,300,even_discrete,1
34,428,1,1,0.25,50,even_discrete,3
35,337,19,-1,64,50,lognormal,2
36,215,6,-1,64,100,even_discrete,1
37,519,18,-1,16,300,even_discrete,2
38,125,19,1,0.25,100,lognormal,2
39,350,6,0,4,50,uniform,3
40,193,11,1,4,300,lognormal,1
41,101,16,1,16,300,uniform,1
42,374,14,1,64,300,normal,2
43,233,18,0,1,300,even_discrete,2
44,137,3,1,4,100,uniform,1
45,406,16,0,1,100,even_discrete,3
46,130,5,0,16,300,even_discrete,1
47,284,8,1,4,300,normal,1
48,13,1,1,16,300,normal,3
49,122,10,1,64,50,even_discrete,1
50,97,14,1,64,50,even_discrete,3
51,512,8,1,0.25,50,uniform,3
52,216,8,-1,16,50,normal,3
53,318,16,0,0.25,50,normal,3
54,269,1,1,0.25,50,normal,1
55,178,6,1,4,300,uniform,1
56,55,8,1,4,100,normal,3
57,414,11,-1,64,300,uniform,3
58,232,18,1,0.25,50,uniform,2
59,330,3,-1,1,50,uniform,3
60,451,6,-1,0.25,100,lognormal,1
61,558,2,1,16,300,normal,1
62,523,18,-1,64,300,uniform,1
63,180,14,-1,1,100,uniform,3
64,383,9,0,1,100,normal,2
65,365,12,0,16,50,uniform,2
66,547,19,-1,64,50,even_discrete,3
67,253,11,-1,0.25,50,even_discrete,2
68,416,10,0,16,100,even_discrete,2
69,219,19,1,0.25,300,normal,2
70,311,17,0,16,100,uniform,3
71,161,9,-1,4,50,even_discrete,3
72,295,17,0,0,50,even_discrete,2
73,343,7,-1,16,50,uniform,2
74,226,3,-1,4,100,uniform,3
75,363,17,1,0.25,300,even_discrete,2
76,325,4,-1,0.25,100,normal,3
77,510,16,-1,64,50,normal,2
78,259,1,-1,16,100,lognormal,2
79,48,18,-1,0.25,100,uniform,2
80,280,4,1,4,100,even_discrete,3
81,127,8,-1,0.25,300,uniform,2
82,51,1,-1,16,50,uniform,3
83,533,2,-1,1,100,normal,3
84,314,1,-1,1,100,even_discrete,1
85,336,20,0,4,100,uniform,2
86,315,10,1,16,50,normal,1
87,431,1,-1,64,100,lognormal,3
88,155,7,-1,64,100,uniform,2
89,162,8,1,0.25,300,lognormal,3
90,191,12,1,1,50,normal,2
91,81,11,-1,4,300,normal,3
92,278,8,1,1,50,normal,3
93,541,1,1,16,100,even_discrete,1
94,64,15,0,64,300,normal,2
95,558,7,1,16,300,normal,1
96,376,16,-1,4,300,even_discrete,2
97,410,13,1,16,300,lognormal,3
98,379,14,0,4,50,uniform,2
99,459,2,-1,16,100,even_discrete,3
100,378,17,-1,16,300,uniform,3
101,232,10,1,0.25,50,uniform,2
102,150,1,1,0.25,300,uniform,2
103,42,18,1,0.25,50,normal,2
104,13,7,1,16,300,normal,3
105,23,2,1,1,100,uniform,1
106,344,16,-1,1,300,normal,3
107,293,20,1,1,100,normal,1
108,32,2,0,64,300,uniform,2
109,311,12,0,16,100,uniform,3
110,433,5,1,16,300,uniform,3
111,482,13,1,64,100,lognormal,2
112,110,19,1,4,50,uniform,1
113,548,1,1,16,50,even_discrete,2
114,329,12,0,4,50,normal,2
115,24,3,-1,16,50,normal,2
116,86,20,0,0.25,50,uniform,2
117,350,18,0,4,50,uniform,3
118,45,6,-1,16,300,uniform,1
119,236,5,0,1,50,lognormal,2
120,91,13,-1,4,300,lognormal,1
121,437,20,-1,64,100,normal,2
122,460,13,0,64,300,even_discrete,3
123,173,12,1,16,100,lognormal,3
124,242,19,-1,4,50,lognormal,1
125,62,14,-1,4,300,uniform,2
126,445,2,1,64,50,uniform,3
127,257,2,1,16,50,uniform,3
128,446,19,-1,4,300,even_discrete,3
129,535,14,0,0.25,50,normal,2
130,156,20,0,16,300,lognormal,2
131,414,12,-1,64,300,uniform,3
132,225,20,-1,0.25,300,even_discrete,1
133,547,1,-1,64,50,even_discrete,3
134,93,10,0,1,100,even_discrete,1
135,302,11,0,1,300,lognormal,2
136,517,20,-1,16,300,normal,1
137,197,17,1,64,100,even_discrete,1
138,463,16,-1,4,50,normal,1
139,196,9,0,16,50,uniform,1
140,265,14,0,0,100,uniform,2
141,17,17,0,0.25,300,lognormal,2
142,168,9,-1,64,300,normal,1
143,182,16,0,1,300,lognormal,3
144,568,18,0,4,300,normal,2
145,225,15,-1,0.25,300,even_discrete,1
146,351,5,-1,16,100,even_discrete,1
147,189,6,0,0.25,300,uniform,3
148,458,2,-1,1,100,even_discrete,2
149,70,4,1,16,300,even_discrete,3
150,356,6,-1,16,100,normal,1
151,204,17,0,0.25,100,even_discrete,1
152,199,11,-1,0.25,50,uniform,1
153,326,20,1,1,300,uniform,2
154,482,20,1,64,100,lognormal,2
155,67,16,1,1,100,uniform,3
156,225,20,-1,0.25,300,even_discrete,1
157,24,4,-1,16,50,normal,2
158,261,12,1,0.25,100,even_discrete,3
159,206,10,0,16,100,uniform,2
160,9,4,-1,1,300,normal,1
1,18,7,-1,4,100,lognormal,2
2,467,5,1,4,300,even_discrete,2
3,162,10,1,0.25,300,lognormal,3
4,297,20,0,0.25,100,lognormal,3
5,389,2,1,64,300,uniform,3
6,238,17,-1,0.25,300,normal,2
7,326,15,1,1,300,uniform,2
8,489,10,0,4,300,uniform,3
9,378,18,-1,16,300,uniform,3
10,315,5,1,16,50,normal,1
11,389,8,1,64,300,uniform,3
12,431,5,-1,64,100,lognormal,3
13,488,8,0,4,100,normal,2
14,82,1,-1,0.25,300,normal,1
15,171,15,-1,4,300,lognormal,2
16,411,13,-1,0.25,300,lognormal,1
17,19,11,0,0.25,300,even_discrete,3
18,310,6,-1,16,300,even_discrete,3
19,375,17,-1,1,300,uniform,1
20,136,1,0,0.25,100,even_discrete,2
21,81,3,-1,4,300,normal,3
22,502,9,1,1,50,even_discrete,2
23,519,16,-1,16,300,even_discrete,2
24,127,12,-1,0.25,300,uniform,2
25,239,1,0,0.25,100,uniform,2
26,522,4,-1,64,300,normal,2
27,120,19,0,4,50,uniform,1
28,135,9,0,1,100,normal,3
29,279,6,1,0.25,100,even_discrete,1
30,196,6,0,16,50,uniform,1
31,565,8,-1,0.25,50,normal,3
32,330,5,-1,1,50,uniform,3
33,99,17,-1,1,300,uniform,3
34,47,13,1,64,100,lognormal,1
35,198,17,1,0.25,50,even_discrete,1
36,159,18,0,4,50,even_discrete,1
37,20,11,0,1,300,normal,2
38,492,1,-1,64,300,even_discrete,3
39,22,1,0,16,300,even_discrete,2
40,278,14,1,1,50,normal,3
41,391,2,-1,4,300,even_discrete,1
42,565,12,-1,0.25,50,normal,3
43,410,14,1,16,300,lognormal,3
44,282,5,0,1,300,normal,1
45,101,20,1,16,300,uniform,1
46,255,13,-1,64,300,uniform,2
47,338,17,0,64,300,lognormal,3
48,527,15,0,4,100,uniform,3
49,224,20,0,0.25,300,lognormal,1
50,306,11,-1,1,100,lognormal,3
51,569,1,-1,4,100,lognormal,1
52,497,18,-1,1,300,even_discrete,3
53,432,14,1,4,50,even_discrete,3
54,246,14,1,4,300,uniform,2
55,387,14,0,1,50,uniform,3
56,287,16,1,64,100,uniform,3
57,20,14,0,1,300,normal,2
58,357,9,1,1,50,even_discrete,3
59,529,6,0,16,50,normal,1
60,510,13,-1,64,50,normal,2
61,91,14,-1,4,300,lognormal,1
62,562,4,-1,1,50,normal,3
63,104,2,1,64,100,lognormal,3
64,71,20,0,16,300,even_discrete,3
65,567,16,1,0.25,50,normal,3
66,539,1,1,16,300,normal,2
67,529,10,0,16,50,normal,1
68,318,20,0,0.25,50,normal,3
69,294,2,1,16,50,lognormal,2
70,148,14,1,4,100,lognormal,3
71,335,10,-1,64,50,normal,3
72,192,8,1,1,100,lognormal,1
73,157,15,1,0.25,100,normal,2
74,257,13,1,16,50,uniform,3
75,144,15,-1,1,50,normal,2
76,334,19,0,16,100,lognormal,3
77,21,19,1,1,300,normal,3
78,43,4,0,64,50,even_discrete,3
79,575,7,0,16,300,uniform,1
80,39,5,1,1,50,lognormal,2
81,350,20,0,4,50,uniform,3
82,15,6,1,4,50,lognormal,2
83,416,10,0,16,100,even_discrete,2
84,77,5,-1,16,300,normal,3
85,283,4,1,0.25,50,lognormal,1
86,542,3,-1,4,300,lognormal,3
87,466,9,1,16,50,lognormal,1
88,55,2,1,4,100,normal,3
89,270,14,0,0.25,50,uniform,1
90,108,20,-1,0.25,50,even_discrete,3
91,504,16,0,64,100,even_discrete,2
92,276,17,0,4,50,lognormal,2
93,360,8,1,1,50,uniform,3
94,394,12,-1,16,300,even_discrete,1
95,199,4,-1,0.25,50,uniform,1
96,498,4,0,4,100,lognormal,3
97,233,5,0,1,300,even_discrete,2
98,37,10,0,0.25,100,uniform,1
99,99,18,-1,1,300,uniform,3
100,137,8,1,4,100,uniform,1
101,25,7,0,1,100,lognormal,1
102,495,19,-1,0.25,50,lognormal,1
103,303,12,-1,1,300,even_discrete,1
104,177,1,1,4,300,even_discrete,1
105,290,8,1,4,50,lognormal,3
106,574,6,0,4,50,normal,1
107,324,16,0,64,50,normal,3
108,347,10,1,4,100,uniform,3
109,511,7,0,4,300,lognormal,2
110,395,7,0,1,50,normal,3
111,224,8,0,0.25,300,lognormal,1
112,446,11,-1,4,300,even_discrete,3
113,335,16,-1,64,50,normal,3
114,34,10,-1,16,100,normal,2
115,231,12,0,4,50,even_discrete,2
116,519,1,-1,16,300,even_discrete,2
117,82,5,-1,0.25,300,normal,1
118,103,13,-1,1,300,normal,2
119,336,10,0,4,100,uniform,2
120,553,11,0,16,300,uniform,2
121,70,16,1,16,300,even_discrete,3
122,496,9,0,16,100,lognormal,1
123,487,4,-1,64,100,even_discrete,2
124,449,18,0,64,300,uniform,1
125,6,11,-1,1,50,normal,1
126,495,4,-1,0.25,50,lognormal,1
127,408,6,-1,0.25,300,uniform,3
128,407,7,0,0.25,300,lognormal,3
129,132,5,-1,4,50,even_discrete,1
130,1,6,-1,0.25,300,even_discrete,3
131,34,20,-1,16,100,normal,2
132,418,3,-1,1,100,uniform,1
133,13,10,1,16,300,normal,3
134,457,2,1,16,100,uniform,3
135,565,16,-1,0.25,50,normal,3
136,52,14,-1,4,50,uniform,1
137,118,11,0,4,100,normal,3
138,322,19,0,0.25,50,uniform,3
139,565,6,-1,0.25,50,normal,3
140,290,12,1,4,50,lognormal,3
141,246,8,1,4,300,uniform,2
142,543,18,-1,4,100,uniform,2
143,517,15,-1,16,300,normal,1
144,465,17,0,1,50,even_discrete,3
145,490,13,0,16,300,lognormal,1
146,145,2,0,4,300,even_discrete,2
147,399,5,1,64,100,uniform,1
148,417,16,1,4,100,lognormal,1
149,527,20,0,4,100,uniform,3
150,297,7,0,0.25,100,lognormal,3
151,42,15,1,0.25,50,normal,2
152,236,15,0,1,50,lognormal,2
153,201,13,-1,16,300,normal,2
154,103,14,-1,1,300,normal,2
155,62,11,-1,4,300,uniform,2
156,109,13,1,16,100,lognormal,2
157,117,13,-1,1,100,lognormal,2
158,151,15,0,16,300,normal,3
159,223,19,0,64,300,normal,3
160,31,16,-1,16,300,lognormal,2
1,449,16,0,64,300,uniform,1
2,437,19,-1,64,100,normal,2
3,243,15,-1,64,50,even_discrete,2
4,293,15,1,1,100,normal,1
5,409,11,0,64,100,normal,1
6,167,12,1,0.25,50,lognormal,3
7,354,1,-1,16,50,even_discrete,3
8,166,14,-1,0.25,50,lognormal,3
9,496,14,0,16,100,lognormal,1
10,208,7,0,16,300,lognormal,3
11,534,20,0,0.25,300,normal,2
12,63,14,1,64,300,uniform,1
13,52,13,-1,4,50,uniform,1
14,481,3,1,16,50,even_discrete,1
15,575,2,0,16,300,uniform,1
16,331,6,0,64,50,uniform,3
17,477,19,0,4,100,lognormal,2
18,423,9,0,64,300,lognormal,2
19,159,15,0,4,50,even_discrete,1
20,250,15,-1,16,300,lognormal,1
21,88,2,1,1,50,lognormal,3
22,442,12,-1,16,100,uniform,3
23,311,17,0,16,100,uniform,3
24,335,20,-1,64,50,normal,3
25,522,10,-1,64,300,normal,2
26,477,10,0,4,100,lognormal,2
27,215,3,-1,64,100,even_discrete,1
28,486,20,0,64,50,even_discrete,1
29,17,13,0,0.25,300,lognormal,2
30,91,13,-1,4,300,lognormal,1
31,481,9,1,16,50,even_discrete,1
32,437,2,-1,64,100,normal,2
33,203,13,1,4,100,normal,2
34,77,17,-1,16,300,normal,3
35,477,2,0,4,100,lognormal,2
36,327,7,-1,4,100,normal,1
37,176,9,-1,0.25,100,normal,1
38,530,13,-1,1,100,uniform,2
39,493,10,1,1,100,lognormal,2
40,138,7,0,0.25,300,even_discrete,2
41,260,10,1,64,50,normal,2
42,146,10,-1,64,100,lognormal,2
43,50,5,-1,64,100,normal,3
44,523,4,-1,64,300,uniform,1
45,181,18,0,16,100,normal,1
46,108,8,-1,0.25,50,even_discrete,3
47,437,11,-1,64,100,normal,2
48,97,5,1,64,50,even_discrete,3
49,558,16,1,16,300,normal,1
50,310,7,-1,16,300,even_discrete,3
51,555,11,0,64,50,lognormal,1
52,276,4,0,4,50,lognormal,2
53,415,20,-1,0.25,300,lognormal,2
54,559,10,0,16,300,normal,1
55,283,13,1,0.25,50,lognormal,1
56,79,4,0,4,300,even_discrete,1
57,314,8,-1,1,100,even_discrete,1
58,566,11,0,0.25,100,lognormal,2
59,250,13,-1,16,300,lognormal,1
60,435,10,0,64,100,even_discrete,1
61,297,6,0,0.25,100,lognormal,3
62,115,10,0,0.25,300,normal,1
63,528,13,0,16,50,even_discrete,2
64,505,15,1,4,50,uniform,2
65,408,9,-1,0.25,300,uniform,3
66,511,7,0,4,300,lognormal,2
67,284,8,1,4,300,normal,1
68,497,12,-1,1,300,even_discrete,3
69,213,17,0,1,100,lognormal,2
70,5,18,-1,1,50,uniform,2
71,389,7,1,64,300,uniform,3
72,105,12,1,0.25,100,uniform,3
73,412,13,0,0.25,50,lognormal,1
74,38,2,-1,0.25,100,lognormal,2
75,397,5,1,64,50,uniform,2
76,558,17,1,16,300,normal,1
77,421,20,-1,0.25,50,uniform,2
78,471,19,-1,4,300,uniform,3
79,28,4,-1,4,50,lognormal,3
80,50,3,-1,64,100,normal,3
81,216,2,-1,16,50,normal,3
82,430,20,0,64,100,uniform,2
83,193,12,1,4,300,lognormal,1
84,498,12,0,4,100,lognormal,3
85,385,17,0,0.25,100,even_discrete,3
86,137,13,1,4,100,uniform,1
87,180,17,-1,1,100,uniform,3
88,83,17,1,1,50,uniform,2
89,462,15,0,64,100,lognormal,2
90,18,3,-1,4,100,lognormal,2
91,532,10,1,16,300,lognormal,2
92,112,7,-1,4,300,normal,2
93,300,16,0,4,50,normal,3
94,498,8,0,4,100,lognormal,3
95,137,13,1,4,100,uniform,1
96,54,15,1,1,300,uniform,3
97,215,7,-1,64,100,even_discrete,1
98,511,4,0,4,300,lognormal,2
99,555,11,0,64,50,lognormal,1
100,294,19,1,16,50,lognormal,2
101,234,2,1,64,300,lognormal,2
102,293,4,1,1,100,normal,1
103,156,1,0,16,300,lognormal,2
104,379,19,0,4,50,uniform,2
105,563,17,1,0.25,100,even_discrete,2
106,174,4,1,16,300,lognormal,1
107,167,4,1,0.25,50,lognormal,3
108,286,6,0,0.25,50,normal,1
109,464,3,-1,64,100,normal,1
110,222,11,-1,4,300,normal,1
111,502,9,1,1,50,even_discrete,2
112,504,10,0,64,100,even_discrete,2
113,442,4,-1,16,100,uniform,3
114,230,6,-1,1,50,even_discrete,1
115,76,1,0,1,100,uniform,1
116,422,10,1,4,50,normal,2
117,268,6,-1,1,50,even_discrete,2
118,566,7,0,0.25,100,lognormal,2
119,260,3,1,64,50,normal,2
120,98,4,1,0.25,50,even_discrete,2
121,520,5,0,4,100,uniform,1
122,393,15,-1,0.25,300,normal,3
123,471,13,-1,4,300,uniform,3
124,464,10,-1,64,100,normal,1
125,27,1,1,1,300,even_discrete,1
126,488,12,0,4,100,normal,2
127,355,17,0,16,50,normal,2
128,428,4,1,0.25,50,even_discrete,3
129,399,12,1,64,100,uniform,1
130,83,13,1,1,50,uniform,2
131,94,4,0,64,300,even_discrete,2
132,548,1,1,16,50,even_discrete,2
133,451,19,-1,0.25,100,lognormal,1
134,355,5,0,16,50,normal,2
135,126,10,0,0.25,100,uniform,3
136,133,2,0,4,100,even_discrete,3
137,88,16,1,1,50,lognormal,3
138,303,14,-1,1,300,even_discrete,1
139,143,1,1,1,100,lognormal,3
140,51,4,-1,16,50,uniform,3
141,435,1,0,64,100,even_discrete,1
142,154,2,0,16,50,even_discrete,1
143,416,6,0,16,100,even_discrete,2
144,533,8,-1,1,100,normal,3
145,541,2,1,16,100,even_discrete,1
146,413,3,-1,4,50,normal,2
147,486,13,0,64,50,even_discrete,1
148,524,13,0,16,300,uniform,3
149,344,10,-1,1,300,normal,3
150,70,4,1,16,300,even_discrete,3
151,405,8,0,1,300,lognormal,1
152,72,10,1,16,300,uniform,2
153,509,12,1,4,50,even_discrete,1
154,67,16,1,1,100,uniform,3
155,466,12,1,16,50,lognormal,1
156,574,7,0,4,50,normal,1
157,465,17,0,1,50,even_discrete,3
158,523,2,-1,64,300,uniform,1
159,491,2,-1,0.25,50,normal,2
160,341,5,0,4,50,lognormal,3
1,509,13,1,4,50,even_discrete,1
2,361,1,0,1,50,even_discrete,2
3,18,17,-1,4,100,lognormal,2
4,355,16,0,16,50,normal,2
5,86,18,0,0.25,50,uniform,2
6,496,4,0,16,100,lognormal,1
7,181,12,0,16,100,normal,1
8,484,1,1,16,50,uniform,1
9,346,7,1,64,50,lognormal,1
10,306,16,-1,1,100,lognormal,3
11,310,11,-1,16,300,even_discrete,3
12,161,16,-1,4,50,even_discrete,3
13,468,15,1,0.25,100,lognormal,3
14,340,15,-1,16,100,lognormal,1
15,279,12,1,0.25,100,even_discrete,1
16,58,2,1,16,100,even_discrete,2
17,176,5,-1,0.25,100,normal,1
18,203,13,1,4,100,normal,2
19,531,9,1,16,100,normal,2
20,347,5,1,4,100,uniform,3
21,184,18,0,64,100,even_discrete,3
22,220,16,0,0.25,300,normal,3
23,506,9,1,1,50,uniform,1
24,521,8,-1,4,100,lognormal,3
25,230,11,-1,1,50,even_discrete,1
26,251,17,1,0.25,50,uniform,1
27,63,9,1,64,300,uniform,1
28,74,12,-1,1,300,uniform,2
29,243,14,-1,64,50,even_discrete,2
30,111,17,1,16,100,normal,1
31,125,14,1,0.25,100,lognormal,2
32,290,17,1,4,50,lognormal,3
33,480,20,0,4,300,lognormal,1
34,312,6,0,4,100,normal,1
35,72,15,1,16,300,uniform,2
36,246,8,1,4,300,uniform,2
37,5,17,-1,1,50,uniform,2
38,53,7,0,4,100,even_discrete,1
39,367,13,-1,64,50,lognormal,1
40,356,3,-1,16,100,normal,1
41,265,3,0,0,100,uniform,2
42,305,2,0,64,300,uniform,3
43,161,11,-1,4,50,even_discrete,3
44,450,12,0,0.25,50,even_discrete,2
45,321,3,-1,1,50,lognormal,3
46,254,2,-1,1,100,lognormal,1
47,83,2,1,1,50,uniform,2
48,224,19,0,0.25,300,lognormal,1
49,458,3,-1,1,100,even_discrete,2
50,552,10,1,0.25,100,uniform,1
51,177,6,1,4,300,even_discrete,1
52,323,9,-1,64,50,uniform,1
53,356,12,-1,16,100,normal,1
54,560,5,1,64,100,even_discrete,2
55,547,17,-1,64,50,even_discrete,3
56,141,13,-1,16,50,lognormal,2
57,307,7,1,64,50,lognormal,2
58,102,15,1,4,300,normal,3
59,125,4,1,0.25,100,lognormal,2
60,101,14,1,16,300,uniform,1
61,505,19,1,4,50,uniform,2
62,105,14,1,0.25,100,uniform,3
63,534,1,0,0.25,300,normal,2
64,461,12,-1,0.25,100,normal,2
65,338,10,0,64,300,lognormal,3
66,545,3,0,1,100,uniform,3
67,530,2,-1,1,100,uniform,2
68,363,7,1,0.25,300,even_discrete,2
69,376,14,-1,4,300,even_discrete,2
70,140,8,-1,64,300,even_discrete,2
71,227,12,0,1,100,lognormal,3
72,20,11,0,1,300,normal,2
73,344,19,-1,1,300,normal,3
74,568,16,0,4,300,normal,2
75,159,19,0,4,50,even_discrete,1
76,550,14,0,64,50,even_discrete,2
77,117,12,-1,1,100,lognormal,2
78,291,15,1,1,100,normal,2
79,352,16,1,64,300,even_discrete,1
80,196,17,0,16,50,uniform,1
81,388,5,1,64,50,lognormal,3
82,144,12,-1,1,50,normal,2
83,381,13,-1,4,100,uniform,1
84,157,14,1,0.25,100,normal,2
85,464,14,-1,64,100,normal,1
86,371,5,0,1,50,lognormal,1
87,205,5,0,4,300,even_discrete,3
88,363,13,1,0.25,300,even_discrete,2
89,67,6,1,1,100,uniform,3
90,557,19,1,0.25,300,uniform,1
91,29,9,0,0.25,50,even_discrete,3
92,399,15,1,64,100,uniform,1
93,26,12,-1,1,300,lognormal,1
94,466,2,1,16,50,lognormal,1
95,138,11,0,0.25,300,even_discrete,2
96,163,13,0,1,50,lognormal,3
97,278,10,1,1,50,normal,3
98,533,18,-1,1,100,normal,3
99,272,1,1,0.25,100,lognormal,1
100,3,18,0,4,50,even_discrete,3
101,144,6,-1,1,50,normal,2
102,537,17,0,16,50,uniform,3
103,408,2,-1,0.25,300,uniform,3
104,272,11,1,0.25,100,lognormal,1
105,214,19,0,16,100,normal,3
106,333,9,0,16,100,uniform,1
107,171,17,-1,4,300,lognormal,2
108,30,7,-1,1,300,even_discrete,2
109,357,11,1,1,50,even_discrete,3
110,279,3,1,0.25,100,even_discrete,1
111,433,20,1,16,300,uniform,3
112,227,13,0,1,100,lognormal,3
113,138,14,0,0.25,300,even_discrete,2
114,575,13,0,16,300,uniform,1
115,255,16,-1,64,300,uniform,2
116,273,19,0,64,100,lognormal,1
117,288,20,-1,16,100,uniform,2
118,548,12,1,16,50,even_discrete,2
119,517,4,-1,16,300,normal,1
120,459,15,-1,16,100,even_discrete,3
121,321,18,-1,1,50,lognormal,3
122,525,17,0,1,50,even_discrete,1
123,270,15,0,0.25,50,uniform,1
124,433,2,1,16,300,uniform,3
125,64,4,0,64,300,normal,2
126,59,1,0,1,300,even_discrete,1
127,563,11,1,0.25,100,even_discrete,2
128,168,14,-1,64,300,normal,1
129,134,17,-1,64,300,lognormal,2
130,288,18,-1,16,100,uniform,2
131,564,2,1,64,50,uniform,1
132,94,13,0,64,300,even_discrete,2
133,61,15,0,1,300,uniform,3
134,238,13,-1,0.25,300,normal,2
135,374,5,1,64,300,normal,2
136,271,9,1,1,300,even_discrete,3
137,225,15,-1,0.25,300,even_discrete,1
138,383,6,0,1,100,normal,2
139,228,10,1,64,300,even_discrete,2
140,13,16,1,16,300,normal,3
141,229,16,-1,64,50,uniform,3
142,304,5,1,0.25,300,even_discrete,3
143,269,12,1,0.25,50,normal,1
144,500,12,1,64,300,uniform,2
145,285,3,1,4,50,uniform,3
146,25,11,0,1,100,lognormal,1
147,141,20,-1,16,50,lognormal,2
148,501,17,1,16,50,normal,2
149,161,11,-1,4,50,even_discrete,3
150,229,17,-1,64,50,uniform,3
151,246,9,1,4,300,uniform,2
152,142,14,-1,4,50,normal,3
153,365,10,0,16,50,uniform,2
154,133,2,0,4,100,even_discrete,3
155,435,15,0,64,100,even_discrete,1
156,169,3,-1,64,50,uniform,2
157,532,2,1,16,300,lognormal,2
158,342,7,-1,4,50,lognormal,2
159,297,6,0,0.25,100,lognormal,3
160,8,12,1,4,100,even_discrete,2
1,544,18,0,1,50,uniform,1
2,566,14,0,0.25,100,lognormal,2
3,277,19,0,16,100,even_discrete,3
4,381,8,-1,4,100,uniform,1
5,446,7,-1,4,300,even_discrete,3
6,184,2,0,64,100,even_discrete,3
7,219,13,1,0.25,300,normal,2
8,516,2,1,64,100,even_discrete,3
9,224,2,0,0.25,300,lognormal,1
10,243,18,-1,64,50,even_discrete,2
11,184,19,0,64,100,even_discrete,3
12,144,11,-1,1,50,normal,2
13,459,20,-1,16,100,even_discrete,3
14,148,19,1,4,100,lognormal,3
15,243,16,-1,64,50,even_discrete,2
16,306,4,-1,1,100,lognormal,3
17,556,16,0,16,50,normal,3
18,294,11,1,16,50,lognormal,2
19,90,10,0,0.25,100,normal,1
20,240,8,0,64,50,uniform,2
21,124,5,1,0.25,300,uniform,3
22,182,7,0,1,300,lognormal,3
23,26,1,-1,1,300,lognormal,1
24,284,18,1,4,300,normal,1
25,560,2,1,64,100,even_discrete,2
26,453,12,0,16,50,lognormal,1
27,283,11,1,0.25,50,lognormal,1
28,404,10,1,4,50,normal,3
29,425,9,-1,16,100,uniform,1
30,557,10,1,0.25,300,uniform,1
31,368,11,0,0.25,300,uniform,1
32,259,9,-1,16,100,lognormal,2
33,504,9,0,64,100,even_discrete,2
34,185,11,-1,1,50,even_discrete,3
35,32,11,0,64,300,uniform,2
36,514,2,0,0.25,100,lognormal,1
37,500,4,1,64,300,uniform,2
38,86,8,0,0.25,50,uniform,2
39,396,8,0,1,50,normal,1
40,7,13,1,64,50,even_discrete,2
41,476,17,1,1,300,lognormal,3
42,120,4,0,4,50,uniform,1
43,87,3,-1,0.25,300,lognormal,3
44,541,19,1,16,100,even_discrete,1
45,29,5,0,0.25,50,even_discrete,3
46,60,12,1,16,100,uniform,2
47,384,15,0,16,300,normal,2
48,195,9,-1,16,50,lognormal,1
49,513,19,-1,16,50,even_discrete,2
50,396,12,0,1,50,normal,1
51,490,10,0,16,300,lognormal,1
52,38,15,-1,0.25,100,lognormal,2
53,456,8,0,4,300,normal,1
54,180,4,-1,1,100,uniform,3
55,254,8,-1,1,100,lognormal,1
56,387,1,0,1,50,uniform,3
57,496,17,0,16,100,lognormal,1
58,380,12,-1,1,100,normal,2
59,168,18,-1,64,300,normal,1
60,120,9,0,4,50,uniform,1
61,487,7,-1,64,100,even_discrete,2
62,373,15,1,1,100,even_discrete,2
63,165,18,-1,4,100,normal,3
64,218,6,0,64,100,uniform,1
65,123,14,0,0,100,lognormal,3
66,389,10,1,64,300,uniform,3
67,266,15,1,64,300,even_discrete,3
68,545,11,0,1,100,uniform,3
69,550,20,0,64,50,even_discrete,2
70,176,20,-1,0.25,100,normal,1
71,529,8,0,16,50,normal,1
72,510,18,-1,64,50,normal,2
73,104,3,1,64,100,lognormal,3
74,465,6,0,1,50,even_discrete,3
75,37,10,0,0.25,100,uniform,1
76,458,2,-1,1,100,even_discrete,2
77,520,8,0,4,100,uniform,1
78,72,18,1,16,300,uniform,2
79,409,19,0,64,100,normal,1
80,369,7,-1,0.25,300,even_discrete,2
81,68,12,1,1,100,normal,3
82,568,19,0,4,300,normal,2
83,121,7,0,64,50,uniform,1
84,439,15,0,64,50,normal,2
85,559,1,0,16,300,normal,1
86,535,1,0,0.25,50,normal,2
87,463,4,-1,4,50,normal,1
88,286,18,0,0.25,50,normal,1
89,528,13,0,16,50,even_discrete,2
90,559,11,0,16,300,normal,1
91,144,17,-1,1,50,normal,2
92,459,18,-1,16,100,even_discrete,3
93,398,17,0,0.25,100,normal,2
94,117,7,-1,1,100,lognormal,2
95,431,8,-1,64,100,lognormal,3
96,149,5,-1,16,300,lognormal,3
97,188,8,0,4,300,lognormal,3
98,501,2,1,16,50,normal,2
99,156,13,0,16,300,lognormal,2
100,90,11,0,0.25,100,normal,1
101,224,19,0,0.25,300,lognormal,1
102,424,14,0,64,300,even_discrete,1
103,430,3,0,64,100,uniform,2
104,195,20,-1,16,50,lognormal,1
105,26,20,-1,1,300,lognormal,1
106,169,7,-1,64,50,uniform,2
107,51,5,-1,16,50,uniform,3
108,71,1,0,16,300,even_discrete,3
109,297,5,0,0.25,100,lognormal,3
110,408,19,-1,0.25,300,uniform,3
111,129,14,-1,4,300,uniform,1
112,220,5,0,0.25,300,normal,3
113,118,13,0,4,100,normal,3
114,363,9,1,0.25,300,even_discrete,2
115,569,9,-1,4,100,lognormal,1
116,61,8,0,1,300,uniform,3
117,7,19,1,64,50,even_discrete,2
118,137,20,1,4,100,uniform,1
119,142,14,-1,4,50,normal,3
120,407,10,0,0.25,300,lognormal,3
121,68,12,1,1,100,normal,3
122,563,7,1,0.25,100,even_discrete,2
123,223,16,0,64,300,normal,3
124,322,15,0,0.25,50,uniform,3
125,307,20,1,64,50,lognormal,2
126,353,14,1,16,100,even_discrete,3
127,485,20,1,4,300,uniform,3
128,111,17,1,16,100,normal,1
129,30,19,-1,1,300,even_discrete,2
130,59,12,0,1,300,even_discrete,1
131,562,11,-1,1,50,normal,3
132,222,9,-1,4,300,normal,1
133,343,6,-1,16,50,uniform,2
134,171,7,-1,4,300,lognormal,2
135,329,20,0,4,50,normal,2
136,210,7,-1,1,50,lognormal,2
137,72,14,1,16,300,uniform,2
138,164,13,1,64,50,normal,3
139,185,15,-1,1,50,even_discrete,3
140,248,1,0,1,300,normal,3
141,33,10,1,1,300,even_discrete,2
142,396,16,0,1,50,normal,1
143,80,1,1,64,300,lognormal,3
144,251,2,1,0.25,50,uniform,1
145,421,5,-1,0.25,50,uniform,2
146,234,9,1,64,300,lognormal,2
147,480,15,0,4,300,lognormal,1
148,495,12,-1,0.25,50,lognormal,1
149,546,18,0,64,50,normal,1
150,159,14,0,4,50,even_discrete,1
151,202,1,0,16,50,even_discrete,3
152,291,3,1,1,100,normal,2
153,494,8,-1,0.25,100,uniform,1
154,84,5,-1,0.25,50,uniform,3
155,562,17,-1,1,50,normal,3
156,419,12,1,0.25,100,normal,1
157,456,16,0,4,300,normal,1
158,486,16,0,64,50,even_discrete,1
159,388,8,1,64,50,lognormal,3
160,311,7,0,16,100,uniform,3
1,513,19,-1,16,50,even_discrete,2
2,501,12,1,16,50,normal,2
3,296,13,1,16,50,uniform,2
4,374,10,1,64,300,normal,2
5,136,16,0,0.25,100,even_discrete,2
6,445,5,1,64,50,uniform,3
7,113,6,0,0.25,50,lognormal,3
8,160,15,0,64,300,normal,1
9,75,6,-1,64,300,even_discrete,1
10,32,10,0,64,300,uniform,2
11,536,3,1,16,50,lognormal,3
12,61,13,0,1,300,uniform,3
13,33,18,1,1,300,even_discrete,2
14,245,20,-1,1,50,lognormal,1
15,430,5,0,64,100,uniform,2
16,352,1,1,64,300,even_discrete,1
17,440,8,1,64,300,lognormal,1
18,525,10,0,1,50,even_discrete,1
19,246,6,1,4,300,uniform,2
20,522,4,-1,64,300,normal,2
21,3,13,0,4,50,even_discrete,3
22,510,11,-1,64,50,normal,2
23,16,8,0,64,50,lognormal,2
24,434,3,0,64,100,uniform,3
25,559,12,0,16,300,normal,1
26,508,19,-1,16,300,uniform,2
27,301,14,1,1,50,even_discrete,1
28,171,18,-1,4,300,lognormal,2
29,245,2,-1,1,50,lognormal,1
30,140,18,-1,64,300,even_discrete,2
31,256,18,0,1,50,normal,2
32,312,4,0,4,100,normal,1
33,95,7,0,16,100,normal,2
34,68,14,1,1,100,normal,3
35,507,20,1,1,100,even_discrete,3
36,346,1,1,64,50,lognormal,1
37,409,13,0,64,100,normal,1
38,339,16,-1,16,50,uniform,1
39,325,16,-1,0.25,100,normal,3
40,406,1,0,1,100,even_discrete,3
41,529,9,0,16,50,normal,1
42,33,7,1,1,300,even_discrete,2
43,116,9,1,4,100,uniform,2
44,480,7,0,4,300,lognormal,1
45,431,12,-1,64,100,lognormal,3
46,439,16,0,64,50,normal,2
47,275,6,1,0.25,100,uniform,2
48,103,7,-1,1,300,normal,2
49,372,12,1,4,100,normal,1
50,430,17,0,64,100,uniform,2
51,387,13,0,1,50,uniform,3
52,516,11,1,64,100,even_discrete,3
53,105,1,1,0.25,100,uniform,3
54,448,17,0,64,300,lognormal,1
55,410,9,1,16,300,lognormal,3
56,16,3,0,64,50,lognormal,2
57,184,18,0,64,100,even_discrete,3
58,550,14,0,64,50,even_discrete,2
59,213,5,0,1,100,lognormal,2
60,154,1,0,16,50,even_discrete,1
61,440,13,1,64,300,lognormal,1
62,22,12,0,16,300,even_discrete,2
63,285,10,1,4,50,uniform,3
64,568,5,0,4,300,normal,2
65,371,8,0,1,50,lognormal,1
66,29,6,0,0.25,50,even_discrete,3
67,443,1,0,64,50,lognormal,3
68,341,8,0,4,50,lognormal,3
69,148,15,1,4,100,lognormal,3
70,205,15,0,4,300,even_discrete,3
71,357,2,1,1,50,even_discrete,3
72,434,9,0,64,100,uniform,3
73,568,18,0,4,300,normal,2
74,95,4,0,16,100,normal,2
75,292,4,0,1,100,even_discrete,2
76,85,5,0,4,50,lognormal,1
77,263,4,0,16,50,lognormal,2
78,304,10,1,0.25,300,even_discrete,3
79,25,14,0,1,100,lognormal,1
80,531,18,1,16,100,normal,2
81,492,10,-1,64,300,even_discrete,3
82,162,4,1,0.25,300,lognormal,3
83,113,5,0,0.25,50,lognormal,3
84,463,8,-1,4,50,normal,1
85,28,12,-1,4,50,lognormal,3
86,273,12,0,64,100,lognormal,1
87,277,15,0,16,100,even_discrete,3
88,214,20,0,16,100,normal,3
89,149,1,-1,16,300,lognormal,3
90,425,10,-1,16,100,uniform,1
91,213,14,0,1,100,lognormal,2
92,424,1,0,64,300,even_discrete,1
93,391,10,-1,4,300,even_discrete,1
94,90,16,0,0.25,100,normal,1
95,164,9,1,64,50,normal,3
96,572,7,-1,0.25,100,even_discrete,1
97,346,16,1,64,50,lognormal,1
98,104,5,1,64,100,lognormal,3
99,286,14,0,0.25,50,normal,1
100,63,3,1,64,300,uniform,1
101,95,14,0,16,100,normal,2
102,509,20,1,4,50,even_discrete,1
103,341,15,0,4,50,lognormal,3
104,65,18,0,64,100,normal,2
105,220,13,0,0.25,300,normal,3
106,495,15,-1,0.25,50,lognormal,1
107,118,8,0,4,100,normal,3
108,207,5,-1,64,50,even_discrete,1
109,9,4,-1,1,300,normal,1
110,200,8,0,0,50,uniform,2
111,323,3,-1,64,50,uniform,1
112,6,6,-1,1,50,normal,1
113,325,2,-1,0.25,100,normal,3
114,25,11,0,1,100,lognormal,1
115,318,8,0,0.25,50,normal,3
116,529,6,0,16,50,normal,1
117,105,10,1,0.25,100,uniform,3
118,463,16,-1,4,50,normal,1
119,561,8,1,16,100,uniform,1
120,221,8,1,1,50,normal,1
121,94,15,0,64,300,even_discrete,2
122,576,4,0,4,300,uniform,1
123,221,10,1,1,50,normal,1
124,271,9,1,1,300,even_discrete,3
125,498,9,0,4,100,lognormal,3
126,14,6,1,4,50,lognormal,1
127,498,4,0,4,100,lognormal,3
128,436,18,0,4,100,lognormal,1
129,485,11,1,4,300,uniform,3
130,412,5,0,0.25,50,lognormal,1
131,419,3,1,0.25,100,normal,1
132,34,19,-1,16,100,normal,2
133,231,12,0,4,50,even_discrete,2
134,64,12,0,64,300,normal,2
135,149,13,-1,16,300,lognormal,3
136,566,5,0,0.25,100,lognormal,2
137,367,6,-1,64,50,lognormal,1
138,484,20,1,16,50,uniform,1
139,480,18,0,4,300,lognormal,1
140,381,5,-1,4,100,uniform,1
141,537,7,0,16,50,uniform,3
142,476,12,1,1,300,lognormal,3
143,169,19,-1,64,50,uniform,2
144,364,15,0,0.25,100,normal,3
145,134,19,-1,64,300,lognormal,2
146,325,13,-1,0.25,100,normal,3
147,278,11,1,1,50,normal,3
148,218,8,0,64,100,uniform,1
149,150,1,1,0.25,300,uniform,2
150,139,18,0,1,100,normal,1
151,439,14,0,64,50,normal,2
152,299,20,-1,64,100,uniform,3
153,256,1,0,1,50,normal,2
154,175,1,1,16,300,even_discrete,2
155,509,9,1,4,50,even_discrete,1
156,201,4,-1,16,300,normal,2
157,267,19,-1,4,100,even_discrete,2
158,530,5,-1,1,100,uniform,2
159,543,4,-1,4,100,uniform,2
160,115,8,0,0.25,300,normal,1
1,291,8,1,1,100,normal,2
2,338,9,0,64,300,lognormal,3
3,427,8,-1,1,300,lognormal,3
4,402,12,0,1,300,uniform,1
5,508,1,-1,16,300,uniform,2
6,188,10,0,4,300,lognormal,3
7,444,16,-1,64,100,lognormal,1
8,71,19,0,16,300,even_discrete,3
9,345,10,0,1,100,uniform,2
10,441,2,0,0.25,50,lognormal,2
11,342,17,-1,4,50,lognormal,2
12,175,4,1,16,300,even_discrete,2
13,423,4,0,64,300,lognormal,2
14,126,4,0,0.25,100,uniform,3
15,271,7,1,1,300,even_discrete,3
16,506,10,1,1,50,uniform,1
17,169,6,-1,64,50,uniform,2
18,304,5,1,0.25,300,even_discrete,3
19,256,13,0,1,50,normal,2
20,167,19,1,0.25,50,lognormal,3
21,382,15,-1,16,100,normal,3
22,436,4,0,4,100,lognormal,1
23,235,6,1,64,100,normal,2
24,501,13,1,16,50,normal,2
25,536,6,1,16,50,lognormal,3
26,90,20,0,0.25,100,normal,1
27,446,16,-1,4,300,even_discrete,3
28,272,11,1,0.25,100,lognormal,1
29,574,18,0,4,50,normal,1
30,93,20,0,1,100,even_discrete,1
31,376,13,-1,4,300,even_discrete,2
32,469,14,-1,0.25,50,normal,1
33,269,19,1,0.25,50,normal,1
34,296,10,1,16,50,uniform,2
35,404,7,1,4,50,normal,3
36,141,11,-1,16,50,lognormal,2
37,167,3,1,0.25,50,lognormal,3
38,282,2,0,1,300,normal,1
39,223,2,0,64,300,normal,3
40,575,4,0,16,300,uniform,1
41,270,5,0,0.25,50,uniform,1
42,19,18,0,0.25,300,even_discrete,3
43,270,8,0,0.25,50,uniform,1
44,325,9,-1,0.25,100,normal,3
45,190,2,1,0.25,300,lognormal,1
46,100,4,0,4,300,normal,3
47,56,12,0,4,100,even_discrete,2
48,525,12,0,1,50,even_discrete,1
49,273,15,0,64,100,lognormal,1
50,205,20,0,4,300,even_discrete,3
51,380,2,-1,1,100,normal,2
52,22,1,0,16,300,even_discrete,2
53,252,13,-1,64,100,uniform,1
54,3,19,0,4,50,even_discrete,3
55,267,1,-1,4,100,even_discrete,2
56,433,7,1,16,300,uniform,3
57,339,2,-1,16,50,uniform,1
58,212,10,-1,64,300,lognormal,3
59,197,20,1,64,100,even_discrete,1
60,373,16,1,1,100,even_discrete,2
61,61,18,0,1,300,uniform,3
62,65,9,0,64,100,normal,2
63,259,17,-1,16,100,lognormal,2
64,502,8,1,1,50,even_discrete,2
65,467,17,1,4,300,even_discrete,2
66,303,4,-1,1,300,even_discrete,1
67,282,17,0,1,300,normal,1
68,319,4,-1,4,100,normal,2
69,375,13,-1,1,300,uniform,1
70,281,19,1,1,300,lognormal,1
71,316,17,-1,0.25,100,even_discrete,3
72,259,2,-1,16,100,lognormal,2
73,361,2,0,1,50,even_discrete,2
74,218,12,0,64,100,uniform,1
75,394,1,-1,16,300,even_discrete,1
76,112,11,-1,4,300,normal,2
77,541,3,1,16,100,even_discrete,1
78,299,16,-1,64,100,uniform,3
79,301,6,1,1,50,even_discrete,1
80,244,6,0,1,300,even_discrete,3
81,525,14,0,1,50,even_discrete,1
82,454,15,-1,0.25,100,uniform,3
83,47,9,1,64,100,lognormal,1
84,17,3,0,0.25,300,lognormal,2
85,402,10,0,1,300,uniform,1
86,369,7,-1,0.25,300,even_discrete,2
87,10,12,1,64,300,normal,1
88,338,6,0,64,300,lognormal,3
89,276,17,0,4,50,lognormal,2
90,329,15,0,4,50,normal,2
91,150,3,1,0.25,300,uniform,2
92,537,19,0,16,50,uniform,3
93,266,14,1,64,300,even_discrete,3
94,2,1,1,1,300,normal,1
95,76,12,0,1,100,uniform,1
96,286,11,0,0.25,50,normal,1
97,327,17,-1,4,100,normal,1
98,550,12,0,64,50,even_discrete,2
99,75,20,-1,64,300,even_discrete,1
100,281,14,1,1,300,lognormal,1
101,433,13,1,16,300,uniform,3
102,317,10,0,1,300,uniform,2
103,267,6,-1,4,100,even_discrete,2
104,140,16,-1,64,300,even_discrete,2
105,145,15,0,4,300,even_discrete,2
106,338,18,0,64,300,lognormal,3
107,37,15,0,0.25,100,uniform,1
108,572,3,-1,0.25,100,even_discrete,1
109,42,17,1,0.25,50,normal,2
110,10,15,1,64,300,normal,1
111,214,4,0,16,100,normal,3
112,426,14,-1,16,100,lognormal,3
113,497,3,-1,1,300,even_discrete,3
114,146,19,-1,64,100,lognormal,2
115,524,20,0,16,300,uniform,3
116,507,5,1,1,100,even_discrete,3
117,193,15,1,4,300,lognormal,1
118,219,8,1,0.25,300,normal,2
119,534,11,0,0.25,300,normal,2
120,3,6,0,4,50,even_discrete,3
121,415,10,-1,0.25,300,lognormal,2
122,298,10,-1,1,100,normal,1
123,524,6,0,16,300,uniform,3
124,340,14,-1,16,100,lognormal,1
125,138,15,0,0.25,300,even_discrete,2
126,223,19,0,64,300,normal,3
127,550,16,0,64,50,even_discrete,2
128,6,20,-1,1,50,normal,1
129,340,4,-1,16,100,lognormal,1
130,547,15,-1,64,50,even_discrete,3
131,202,8,0,16,50,even_discrete,3
132,322,2,0,0.25,50,uniform,3
133,148,13,1,4,100,lognormal,3
134,350,9,0,4,50,uniform,3
135,40,1,1,16,50,even_discrete,3
136,150,12,1,0.25,300,uniform,2
137,356,5,-1,16,100,normal,1
138,66,5,-1,16,100,even_discrete,2
139,324,3,0,64,50,normal,3
140,518,2,0,0.25,50,even_discrete,1
141,6,6,-1,1,50,normal,1
142,259,7,-1,16,100,lognormal,2
143,300,4,0,4,50,normal,3
144,348,19,-1,64,50,normal,1
145,456,6,0,4,300,normal,1
146,537,4,0,16,50,uniform,3
147,99,7,-1,1,300,uniform,3
148,544,18,0,1,50,uniform,1
149,263,8,0,16,50,lognormal,2
150,81,13,-1,4,300,normal,3
151,457,16,1,16,100,uniform,3
152,448,12,0,64,300,lognormal,1
153,313,3,1,64,100,normal,3
154,453,15,0,16,50,lognormal,1
155,126,19,0,0.25,100,uniform,3
156,244,5,0,1,300,even_discrete,3
157,127,8,-1,0.25,300,uniform,2
158,415,3,-1,0.25,300,lognormal,2
159,302,3,0,1,300,lognormal,2
160,275,17,1,0.25,100,uniform,2
1,19,4,0,0.25,300,even_discrete,3
2,14,4,1,4,50,lognormal,1
3,286,18,0,0.25,50,normal,1
4,277,19,0,16,100,even_discrete,3
5,163,3,0,1,50,lognormal,3
6,508,11,-1,16,300,uniform,2
7,378,9,-1,16,300,uniform,3
8,543,18,-1,4,100,uniform,2
9,221,5,1,1,50,normal,1
10,116,8,1,4,100,uniform,2
11,135,6,0,1,100,normal,3
12,17,17,0,0.25,300,lognormal,2
13,108,10,-1,0.25,50,even_discrete,3
14,100,2,0,4,300,normal,3
15,454,6,-1,0.25,100,uniform,3
16,543,15,-1,4,100,uniform,2
17,271,10,1,1,300,even_discrete,3
18,9,14,-1,1,300,normal,1
19,87,16,-1,0.25,300,lognormal,3
20,489,16,0,4,300,uniform,3
21,419,9,1,0.25,100,normal,1
22,275,20,1,0.25,100,uniform,2
23,270,4,0,0.25,50,uniform,1
24,208,1,0,16,300,lognormal,3
25,227,19,0,1,100,lognormal,3
26,404,11,1,4,50,normal,3
27,239,13,0,0.25,100,uniform,2
28,481,1,1,16,50,even_discrete,1
29,160,15,0,64,300,normal,1
30,445,8,1,64,50,uniform,3
31,299,5,-1,64,100,uniform,3
32,175,11,1,16,300,even_discrete,2
33,131,15,-1,16,50,lognormal,3
34,115,18,0,0.25,300,normal,1
35,103,6,-1,1,300,normal,2
36,292,15,0,1,100,even_discrete,2
37,206,1,0,16,100,uniform,2
38,388,14,1,64,50,lognormal,3
39,410,15,1,16,300,lognormal,3
40,252,15,-1,64,100,uniform,1
41,487,8,-1,64,100,even_discrete,2
42,372,17,1,4,100,normal,1
43,57,16,0,16,100,even_discrete,1
44,506,20,1,1,50,uniform,1
45,402,11,0,1,300,uniform,1
46,157,6,1,0.25,100,normal,2
47,354,18,-1,16,50,even_discrete,3
48,177,17,1,4,300,even_discrete,1
49,54,18,1,1,300,uniform,3
50,491,4,-1,0.25,50,normal,2
51,10,3,1,64,300,normal,1
52,124,6,1,0.25,300,uniform,3
53,6,17,-1,1,50,normal,1
54,114,12,0,0,100,even_discrete,3
55,328,11,0,0.25,300,even_discrete,1
56,38,20,-1,0.25,100,lognormal,2
57,124,19,1,0.25,300,uniform,3
58,520,16,0,4,100,uniform,1
59,322,8,0,0.25,50,uniform,3
60,149,15,-1,16,300,lognormal,3
61,567,12,1,0.25,50,normal,3
62,131,7,-1,16,50,lognormal,3
63,427,19,-1,1,300,lognormal,3
64,75,13,-1,64,300,even_discrete,1
65,520,18,0,4,100,uniform,1
66,419,9,1,0.25,100,normal,1
67,521,6,-1,4,100,lognormal,3
68,47,6,1,64,100,lognormal,1
69,130,5,0,16,300,even_discrete,1
70,450,3,0,0.25,50,even_discrete,2
71,188,14,0,4,300,lognormal,3
72,475,16,1,4,300,lognormal,2
73,255,10,-1,64,300,uniform,2
74,375,9,-1,1,300,uniform,1
75,36,14,1,16,100,lognormal,1
76,235,20,1,64,100,normal,2
77,63,7,1,64,300,uniform,1
78,421,12,-1,0.25,50,uniform,2
79,241,20,1,16,100,normal,3
80,512,2,1,0.25,50,uniform,3
81,490,19,0,16,300,lognormal,1
82,93,10,0,1,100,even_discrete,1
83,108,3,-1,0.25,50,even_discrete,3
84,36,11,1,16,100,lognormal,1
85,397,5,1,64,50,uniform,2
86,429,6,1,1,100,even_discrete,1
87,535,3,0,0.25,50,normal,2
88,14,9,1,4,50,lognormal,1
89,405,9,0,1,300,lognormal,1
90,405,17,0,1,300,lognormal,1
91,538,20,-1,64,300,lognormal,1
92,73,13,1,0.25,50,lognormal,2
93,406,9,0,1,100,even_discrete,3
94,512,5,1,0.25,50,uniform,3
95,188,15,0,4,300,lognormal,3
96,561,6,1,16,100,uniform,1
97,518,18,0,0.25,50,even_discrete,1
98,400,8,1,1,300,uniform,1
99,380,9,-1,1,100,normal,2
100,421,9,-1,0.25,50,uniform,2
101,14,17,1,4,50,lognormal,1
102,146,7,-1,64,100,lognormal,2
103,10,20,1,64,300,normal,1
104,450,8,0,0.25,50,even_discrete,2
105,218,5,0,64,100,uniform,1
106,479,5,0,0,100,normal,3
107,532,7,1,16,300,lognormal,2
108,362,17,0,16,100,lognormal,2
109,544,10,0,1,50,uniform,1
110,470,4,1,1,100,uniform,2
111,85,16,0,4,50,lognormal,1
112,80,3,1,64,300,lognormal,3
113,110,6,1,4,50,uniform,1
114,412,16,0,0.25,50,lognormal,1
115,440,2,1,64,300,lognormal,1
116,386,15,0,0,100,uniform,1
117,151,13,0,16,300,normal,3
118,252,17,-1,64,100,uniform,1
119,299,9,-1,64,100,uniform,3
120,117,19,-1,1,100,lognormal,2
121,340,1,-1,16,100,lognormal,1
122,15,12,1,4,50,lognormal,2
123,530,5,-1,1,100,uniform,2
124,163,16,0,1,50,lognormal,3
125,382,2,-1,16,100,normal,3
126,5,7,-1,1,50,uniform,2
127,252,12,-1,64,100,uniform,1
128,130,3,0,16,300,even_discrete,1
129,545,10,0,1,100,uniform,3
130,116,19,1,4,100,uniform,2
131,112,6,-1,4,300,normal,2
132,295,10,0,0,50,even_discrete,2
133,160,3,0,64,300,normal,1
134,123,8,0,0,100,lognormal,3
135,184,19,0,64,100,even_discrete,3
136,424,13,0,64,300,even_discrete,1
137,282,4,0,1,300,normal,1
138,423,8,0,64,300,lognormal,2
139,319,4,-1,4,100,normal,2
140,470,17,1,1,100,uniform,2
141,56,18,0,4,100,even_discrete,2
142,79,14,0,4,300,even_discrete,1
143,123,20,0,0,100,lognormal,3
144,208,5,0,16,300,lognormal,3
145,291,8,1,1,100,normal,2
146,243,18,-1,64,50,even_discrete,2
147,206,3,0,16,100,uniform,2
148,304,20,1,0.25,300,even_discrete,3
149,197,6,1,64,100,even_discrete,1
150,263,9,0,16,50,lognormal,2
151,4,11,-1,4,50,uniform,3
152,556,6,0,16,50,normal,3
153,423,11,0,64,300,lognormal,2
154,240,12,0,64,50,uniform,2
155,384,3,0,16,300,normal,2
156,521,17,-1,4,100,lognormal,3
157,71,15,0,16,300,even_discrete,3
158,527,10,0,4,100,uniform,3
159,467,1,1,4,300,even_discrete,2
160,367,3,-1,64,50,lognormal,1
1,468,9,1,0.25,100,lognormal,3
2,543,7,-1,4,100,uniform,2
3,235,6,1,64,100,normal,2
4,132,6,-1,4,50,even_discrete,1
5,73,5,1,0.25,50,lognormal,2
6,450,9,0,0.25,50,even_discrete,2
7,574,14,0,4,50,normal,1
8,76,13,0,1,100,uniform,1
9,169,17,-1,64,50,uniform,2
10,313,4,1,64,100,normal,3
11,478,2,0,0,100,even_discrete,2
12,153,20,1,64,100,normal,1
13,20,11,0,1,300,normal,2
14,29,7,0,0.25,50,even_discrete,3
15,100,10,0,4,300,normal,3
16,384,5,0,16,300,normal,2
17,471,2,-1,4,300,uniform,3
18,345,17,0,1,100,uniform,2
19,112,7,-1,4,300,normal,2
20,353,9,1,16,100,even_discrete,3
21,412,1,0,0.25,50,lognormal,1
22,54,17,1,1,300,uniform,3
23,385,14,0,0.25,100,even_discrete,3
24,468,19,1,0.25,100,lognormal,3
25,46,15,1,4,300,even_discrete,3
26,331,8,0,64,50,uniform,3
27,462,10,0,64,100,lognormal,2
28,239,4,0,0.25,100,uniform,2
29,509,16,1,4,50,even_discrete,1
30,407,12,0,0.25,300,lognormal,3
31,436,4,0,4,100,lognormal,1
32,211,16,0,0,50,uniform,3
33,528,2,0,16,50,even_discrete,2
34,449,4,0,64,300,uniform,1
35,364,8,0,0.25,100,normal,3
36,304,5,1,0.25,300,even_discrete,3
37,371,20,0,1,50,lognormal,1
38,237,9,0,0,100,lognormal,2
39,206,4,0,16,100,uniform,2
40,131,8,-1,16,50,lognormal,3
41,282,19,0,1,300,normal,1
42,378,15,-1,16,300,uniform,3
43,295,12,0,0,50,even_discrete,2
44,153,15,1,64,100,normal,1
45,300,13,0,4,50,normal,3
46,301,9,1,1,50,even_discrete,1
47,427,13,-1,1,300,lognormal,3
48,561,2,1,16,100,uniform,1
49,365,9,0,16,50,uniform,2
50,334,8,0,16,100,lognormal,3
51,197,14,1,64,100,even_discrete,1
52,546,14,0,64,50,normal,1
53,43,18,0,64,50,even_discrete,3
54,281,2,1,1,300,lognormal,1
55,305,15,0,64,300,uniform,3
56,58,18,1,16,100,even_discrete,2
57,132,4,-1,4,50,even_discrete,1
58,211,4,0,0,50,uniform,3
59,220,12,0,0.25,300,normal,3
60,165,20,-1,4,100,normal,3
61,370,8,0,0,50,uniform,1
62,76,19,0,1,100,uniform,1
63,292,12,0,1,100,even_discrete,2
64,201,7,-1,16,300,normal,2
65,66,6,-1,16,100,even_discrete,2
66,296,13,1,16,50,uniform,2
67,397,12,1,64,50,uniform,2
68,384,3,0,16,300,normal,2
69,217,4,1,4,50,normal,1
70,505,7,1,4,50,uniform,2
71,239,13,0,0.25,100,uniform,2
72,502,13,1,1,50,even_discrete,2
73,25,4,0,1,100,lognormal,1
74,8,10,1,4,100,even_discrete,2
75,522,13,-1,64,300,normal,2
76,489,13,0,4,300,uniform,3
77,222,5,-1,4,300,normal,1
78,213,13,0,1,100,lognormal,2
79,212,15,-1,64,300,lognormal,3
80,489,19,0,4,300,uniform,3
81,479,6,0,0,100,normal,3
82,236,14,0,1,50,lognormal,2
83,115,1,0,0.25,300,normal,1
84,54,18,1,1,300,uniform,3
85,227,16,0,1,100,lognormal,3
86,235,19,1,64,100,normal,2
87,85,13,0,4,50,lognormal,1
88,391,5,-1,4,300,even_discrete,1
89,469,11,-1,0.25,50,normal,1
90,197,1,1,64,100,even_discrete,1
91,66,13,-1,16,100,even_discrete,2
92,237,20,0,0,100,lognormal,2
93,503,19,1,0.25,300,lognormal,2
94,524,19,0,16,300,uniform,3
95,248,20,0,1,300,normal,3
96,189,12,0,0.25,300,uniform,3
97,394,1,-1,16,300,even_discrete,1
98,222,7,-1,4,300,normal,1
99,358,4,1,1,300,normal,2
100,57,1,0,16,100,even_discrete,1
101,324,5,0,64,50,normal,3
102,220,16,0,0.25,300,normal,3
103,506,16,1,1,50,uniform,1
104,469,17,-1,0.25,50,normal,1
105,131,10,-1,16,50,lognormal,3
106,269,1,1,0.25,50,normal,1
107,528,3,0,16,50,even_discrete,2
108,456,9,0,4,300,normal,1
109,52,18,-1,4,50,uniform,1
110,392,2,0,16,50,lognormal,3
111,254,7,-1,1,100,lognormal,1
112,518,12,0,0.25,50,even_discrete,1
113,16,19,0,64,50,lognormal,2
114,58,7,1,16,100,even_discrete,2
115,207,5,-1,64,50,even_discrete,1
116,52,3,-1,4,50,uniform,1
117,135,2,0,1,100,normal,3
118,236,10,0,1,50,lognormal,2
119,119,15,0,0,50,even_discrete,3
120,201,7,-1,16,300,normal,2
121,121,17,0,64,50,uniform,1
122,175,19,1,16,300,even_discrete,2
123,204,17,0,0.25,100,even_discrete,1
124,80,6,1,64,300,lognormal,3
125,379,17,0,4,50,uniform,2
126,365,15,0,16,50,uniform,2
127,562,18,-1,1,50,normal,3
128,41,16,-1,4,50,uniform,2
129,248,3,0,1,300,normal,3
130,456,10,0,4,300,normal,1
131,189,18,0,0.25,300,uniform,3
132,153,17,1,64,100,normal,1
133,479,9,0,0,100,normal,3
134,275,11,1,0.25,100,uniform,2
135,561,17,1,16,100,uniform,1
136,377,8,1,0.25,100,normal,3
137,121,12,0,64,50,uniform,1
138,79,12,0,4,300,even_discrete,1
139,572,11,-1,0.25,100,even_discrete,1
140,305,3,0,64,300,uniform,3
141,112,13,-1,4,300,normal,2
142,216,20,-1,16,50,normal,3
143,204,10,0,0.25,100,even_discrete,1
144,57,3,0,16,100,even_discrete,1
145,113,12,0,0.25,50,lognormal,3
146,386,17,0,0,100,uniform,1
147,429,19,1,1,100,even_discrete,1
148,354,14,-1,16,50,even_discrete,3
149,12,13,1,4,300,lognormal,3
150,419,8,1,0.25,100,normal,1
151,194,2,0,0.25,300,uniform,2
152,266,8,1,64,300,even_discrete,3
153,190,14,1,0.25,300,lognormal,1
154,471,3,-1,4,300,uniform,3
155,175,14,1,16,300,even_discrete,2
156,189,1,0,0.25,300,uniform,3
157,420,11,-1,64,50,lognormal,3
158,47,13,1,64,100,lognormal,1
159,81,17,-1,4,300,normal,3
160,43,14,0,64,50,even_discrete,3
1,452,1,0,4,300,uniform,2
2,328,6,0,0.25,300,even_discrete,1
3,2,2,1,1,300,normal,1
4,497,1,-1,1,300,even_discrete,3
5,547,19,-1,64,50,even_discrete,3
6,160,16,0,64,300,normal,1
7,452,10,0,4,300,uniform,2
8,273,5,0,64,100,lognormal,1
9,518,15,0,0.25,50,even_discrete,1
10,165,6,-1,4,100,normal,3
11,429,9,1,1,100,even_discrete,1
12,454,19,-1,0.25,100,uniform,3
13,12,9,1,4,300,lognormal,3
14,53,6,0,4,100,even_discrete,1
15,503,17,1,0.25,300,lognormal,2
16,135,18,0,1,100,normal,3
17,221,3,1,1,50,normal,1
18,334,16,0,16,100,lognormal,3
19,422,14,1,4,50,normal,2
20,491,2,-1,0.25,50,normal,2
21,362,14,0,16,100,lognormal,2
22,329,8,0,4,50,normal,2
23,151,5,0,16,300,normal,3
24,8,2,1,4,100,even_discrete,2
25,378,9,-1,16,300,uniform,3
26,12,15,1,4,300,lognormal,3
27,484,20,1,16,50,uniform,1
28,185,6,-1,1,50,even_discrete,3
29,551,12,0,64,100,lognormal,3
30,425,15,-1,16,100,uniform,1
31,185,20,-1,1,50,even_discrete,3
32,182,13,0,1,300,lognormal,3
33,213,14,0,1,100,lognormal,2
34,280,7,1,4,100,even_discrete,3
35,266,12,1,64,300,even_discrete,3
36,556,3,0,16,50,normal,3
37,460,6,0,64,300,even_discrete,3
38,316,17,-1,0.25,100,even_discrete,3
39,43,9,0,64,50,even_discrete,3
40,329,6,0,4,50,normal,2
41,93,14,0,1,100,even_discrete,1
42,207,8,-1,64,50,even_discrete,1
43,74,15,-1,1,300,uniform,2
44,210,8,-1,1,50,lognormal,2
45,534,9,0,0.25,300,normal,2
46,420,17,-1,64,50,lognormal,3
47,14,20,1,4,50,lognormal,1
48,80,10,1,64,300,lognormal,3
49,160,17,0,64,300,normal,1
50,202,1,0,16,50,even_discrete,3
51,52,15,-1,4,50,uniform,1
52,377,2,1,0.25,100,normal,3
53,436,11,0,4,100,lognormal,1
54,89,13,-1,0.25,100,even_discrete,2
55,377,10,1,0.25,100,normal,3
56,228,14,1,64,300,even_discrete,2
57,210,9,-1,1,50,lognormal,2
58,353,17,1,16,100,even_discrete,3
59,12,19,1,4,300,lognormal,3
60,15,17,1,4,50,lognormal,2
61,518,17,0,0.25,50,even_discrete,1
62,425,8,-1,16,100,uniform,1
63,216,4,-1,16,50,normal,3
64,436,3,0,4,100,lognormal,1
65,77,1,-1,16,300,normal,3
66,503,17,1,0.25,300,lognormal,2
67,53,19,0,4,100,even_discrete,1
68,194,18,0,0.25,300,uniform,2
69,206,12,0,16,100,uniform,2
70,73,12,1,0.25,50,lognormal,2
71,16,20,0,64,50,lognormal,2
72,199,3,-1,0.25,50,uniform,1
73,350,9,0,4,50,uniform,3
74,245,1,-1,1,50,lognormal,1
75,402,16,0,1,300,uniform,1
76,40,8,1,16,50,even_discrete,3
77,567,11,1,0.25,50,normal,3
78,73,14,1,0.25,50,lognormal,2
79,194,2,0,0.25,300,uniform,2
80,562,20,-1,1,50,normal,3
81,444,7,-1,64,100,lognormal,1
82,576,2,0,4,300,uniform,1
83,296,4,1,16,50,uniform,2
84,381,6,-1,4,100,uniform,1
85,217,6,1,4,50,normal,1
86,345,18,0,1,100,uniform,2
87,377,8,1,0.25,100,normal,3
88,516,1,1,64,100,even_discrete,3
89,207,16,-1,64,50,even_discrete,1
90,154,2,0,16,50,even_discrete,1
91,74,19,-1,1,300,uniform,2
92,324,5,0,64,50,normal,3
93,420,4,-1,64,50,lognormal,3
94,89,3,-1,0.25,100,even_discrete,2
95,484,18,1,16,50,uniform,1
96,444,17,-1,64,100,lognormal,1
97,53,15,0,4,100,even_discrete,1
98,361,19,0,1,50,even_discrete,2
99,77,19,-1,16,300,normal,3
100,165,16,-1,4,100,normal,3
101,165,11,-1,4,100,normal,3
102,66,2,-1,16,100,even_discrete,2
103,503,10,1,0.25,300,lognormal,2
104,484,9,1,16,50,uniform,1
105,40,1,1,16,50,even_discrete,3
106,316,17,-1,0.25,100,even_discrete,3
107,8,6,1,4,100,even_discrete,2
108,400,15,1,1,300,uniform,1
109,422,8,1,4,50,normal,2
110,460,16,0,64,300,even_discrete,3
111,56,18,0,4,100,even_discrete,2
112,331,1,0,64,50,uniform,3
113,321,9,-1,1,50,lognormal,3
114,567,14,1,0.25,50,normal,3
115,334,19,0,16,100,lognormal,3
116,2,9,1,1,300,normal,1
117,362,4,0,16,100,lognormal,2
118,207,1,-1,64,50,even_discrete,1
119,362,12,0,16,100,lognormal,2
120,516,1,1,64,100,even_discrete,3
121,502,6,1,1,50,even_discrete,2
122,545,3,0,1,100,uniform,3
123,394,1,-1,16,300,even_discrete,1
124,567,20,1,0.25,50,normal,3
125,371,12,0,1,50,lognormal,1
126,273,16,0,64,100,lognormal,1
127,66,1,-1,16,100,even_discrete,2
128,296,10,1,16,50,uniform,2
129,546,2,0,64,50,normal,1
130,421,7,-1,0.25,50,uniform,2
131,503,10,1,0.25,300,lognormal,2
132,392,6,0,16,50,lognormal,3
133,429,2,1,1,100,even_discrete,1
134,328,14,0,0.25,300,even_discrete,1
135,331,15,0,64,50,uniform,3
136,100,4,0,4,300,normal,3
137,36,9,1,16,100,lognormal,1
138,266,17,1,64,300,even_discrete,3
139,576,7,0,4,300,uniform,1
140,394,18,-1,16,300,even_discrete,1
141,444,5,-1,64,100,lognormal,1
142,194,10,0,0.25,300,uniform,2
143,358,2,1,1,300,normal,2
144,460,13,0,64,300,even_discrete,3
145,185,7,-1,1,50,even_discrete,3
146,361,8,0,1,50,even_discrete,2
147,151,17,0,16,300,normal,3
148,494,7,-1,0.25,100,uniform,1
149,551,19,0,64,100,lognormal,3
150,381,15,-1,4,100,uniform,1
151,551,4,0,64,100,lognormal,3
152,411,13,-1,0.25,300,lognormal,1
153,210,19,-1,1,50,lognormal,2
154,405,4,0,1,300,lognormal,1
155,262,20,0,0,300,lognormal,3
156,53,2,0,4,100,even_discrete,1
157,545,10,0,1,100,uniform,3
158,254,6,-1,1,100,lognormal,1
159,369,20,-1,0.25,300,even_discrete,2
160,489,2,0,4,300,uniform,3
1,578,20,1,128,300,uniform,1
1,588,11,1,256,300,uniform,3
2,583,3,0,256,300,uniform,2
2,581,13,0,128,300,uniform,2
3,583,12,0,256,300,uniform,2
3,580,7,1,256,300,uniform,1
4,587,2,0,256,300,uniform,3
4,586,11,1,128,300,uniform,3
5,580,9,1,256,300,uniform,1
5,584,12,1,256,300,uniform,2
6,585,20,0,128,300,uniform,3
6,584,3,1,256,300,uniform,2
7,588,19,1,256,300,uniform,3
7,579,7,0,256,300,uniform,1
8,580,17,1,256,300,uniform,1
8,577,6,0,128,300,uniform,1
9,580,3,1,256,300,uniform,1
9,579,13,0,256,300,uniform,1
10,585,11,0,128,300,uniform,3
10,580,17,1,256,300,uniform,1
11,578,5,1,128,300,uniform,1
11,581,14,0,128,300,uniform,2
12,584,1,1,256,300,uniform,2
12,578,18,1,128,300,uniform,1
13,588,17,1,256,300,uniform,3
13,583,2,0,256,300,uniform,2
14,577,16,0,128,300,uniform,1
14,584,12,1,256,300,uniform,2
15,587,20,0,256,300,uniform,3
15,584,8,1,256,300,uniform,2
16,588,9,1,256,300,uniform,3
16,585,12,0,128,300,uniform,3
17,580,1,1,256,300,uniform,1
17,585,13,0,128,300,uniform,3
18,585,15,0,128,300,uniform,3
18,583,19,0,256,300,uniform,2
19,580,12,1,256,300,uniform,1
19,582,1,1,128,300,uniform,2
20,583,13,0,256,300,uniform,2
20,586,10,1,128,300,uniform,3
21,579,11,0,256,300,uniform,1
21,582,17,1,128,300,uniform,2
22,584,15,1,256,300,uniform,2
22,586,10,1,128,300,uniform,3
23,581,20,0,128,300,uniform,2
23,583,18,0,256,300,uniform,2
24,578,16,1,128,300,uniform,1
24,577,11,0,128,300,uniform,1
25,586,3,1,128,300,uniform,3
25,578,8,1,128,300,uniform,1
26,578,16,1,128,300,uniform,1
26,579,18,0,256,300,uniform,1
27,579,17,0,256,300,uniform,1
27,582,5,1,128,300,uniform,2
28,583,15,0,256,300,uniform,2
28,581,13,0,128,300,uniform,2
29,587,8,0,256,300,uniform,3
29,577,11,0,128,300,uniform,1
30,583,5,0,256,300,uniform,2
30,578,3,1,128,300,uniform,1
31,581,7,0,128,300,uniform,2
31,582,10,1,128,300,uniform,2
32,588,6,1,256,300,uniform,3
32,580,19,1,256,300,uniform,1
33,579,3,0,256,300,uniform,1
33,585,10,0,128,300,uniform,3
34,580,2,1,256,300,uniform,1
34,586,5,1,128,300,uniform,3
35,588,4,1,256,300,uniform,3
35,582,1,1,128,300,uniform,2
36,581,4,0,128,300,uniform,2
36,587,9,0,256,300,uniform,3
37,588,2,1,256,300,uniform,3
37,584,16,1,256,300,uniform,2
38,585,11,0,128,300,uniform,3
38,586,18,1,128,300,uniform,3
39,577,14,0,128,300,uniform,1
39,586,11,1,128,300,uniform,3
40,579,20,0,256,300,uniform,1
40,586,10,1,128,300,uniform,3
41,587,1,0,256,300,uniform,3
41,581,7,0,128,300,uniform,2
42,583,9,0,256,300,uniform,2
42,584,5,1,256,300,uniform,2
43,580,1,1,256,300,uniform,1
43,588,7,1,256,300,uniform,3
44,581,1,0,128,300,uniform,2
44,585,13,0,128,300,uniform,3
45,585,8,0,128,300,uniform,3
45,577,15,0,128,300,uniform,1
46,578,15,1,128,300,uniform,1
46,579,1,0,256,300,uniform,1
47,580,10,1,256,300,uniform,1
47,585,9,0,128,300,uniform,3
48,586,18,1,128,300,uniform,3
48,578,16,1,128,300,uniform,1
49,584,14,1,256,300,uniform,2
49,579,5,0,256,300,uniform,1
50,581,15,0,128,300,uniform,2
50,584,18,1,256,300,uniform,2
51,586,7,1,128,300,uniform,3
51,588,19,1,256,300,uniform,3
52,578,19,1,128,300,uniform,1
52,587,5,0,256,300,uniform,3
53,581,5,0,128,300,uniform,2
53,579,3,0,256,300,uniform,1
54,578,11,1,128,300,uniform,1
54,588,18,1,256,300,uniform,3
55,587,19,0,256,300,uniform,3
55,578,12,1,128,300,uniform,1
56,581,17,0,128,300,uniform,2
56,579,5,0,256,300,uniform,1
57,581,12,0,128,300,uniform,2
57,578,6,1,128,300,uniform,1
58,588,6,1,256,300,uniform,3
58,584,20,1,256,300,uniform,2
59,586,17,1,128,300,uniform,3
59,584,16,1,256,300,uniform,2
60,579,7,0,256,300,uniform,1
60,588,11,1,256,300,uniform,3
61,586,11,1,128,300,uniform,3
61,585,3,0,128,300,uniform,3
62,580,16,1,256,300,uniform,1
62,588,13,1,256,300,uniform,3
63,577,15,0,128,300,uniform,1
63,580,7,1,256,300,uniform,1
64,577,2,0,128,300,uniform,1
64,584,10,1,256,300,uniform,2
65,580,15,1,256,300,uniform,1
65,577,4,0,128,300,uniform,1
66,585,5,0,128,300,uniform,3
66,587,18,0,256,300,uniform,3
67,586,20,1,128,300,uniform,3
67,581,13,0,128,300,uniform,2
68,585,19,0,128,300,uniform,3
68,587,1,0,256,300,uniform,3
69,577,7,0,128,300,uniform,1
69,586,3,1,128,300,uniform,3
70,577,2,0,128,300,uniform,1
70,586,9,1,128,300,uniform,3
71,578,16,1,128,300,uniform,1
71,588,5,1,256,300,uniform,3
72,585,4,0,128,300,uniform,3
72,586,19,1,128,300,uniform,3
73,583,14,0,256,300,uniform,2
73,586,8,1,128,300,uniform,3
74,581,15,0,128,300,uniform,2
74,582,5,1,128,300,uniform,2
75,582,9,1,128,300,uniform,2
75,580,8,1,256,300,uniform,1
76,579,10,0,256,300,uniform,1
76,581,7,0,128,300,uniform,2
77,586,15,1,128,300,uniform,3
77,588,2,1,256,300,uniform,3
78,586,7,1,128,300,uniform,3
78,584,3,1,256,300,uniform,2
79,587,17,0,256,300,uniform,3
79,586,13,1,128,300,uniform,3
80,583,13,0,256,300,uniform,2
80,586,12,1,128,300,uniform,3
81,581,18,0,128,300,uniform,2
81,582,17,1,128,300,uniform,2
82,581,9,0,128,300,uniform,2
82,586,16,1,128,300,uniform,3
83,585,17,0,128,300,uniform,3
83,583,14,0,256,300,uniform,2
84,581,4,0,128,300,uniform,2
84,583,10,0,256,300,uniform,2
85,584,7,1,256,300,uniform,2
85,577,3,0,128,300,uniform,1
86,584,16,1,256,300,uniform,2
86,578,9,1,128,300,uniform,1
87,587,19,0,256,300,uniform,3
87,588,6,1,256,300,uniform,3
88,583,11,0,256,300,uniform,2
88,577,3,0,128,300,uniform,1
89,587,4,0,256,300,uniform,3
89,578,19,1,128,300,uniform,1
90,588,13,1,256,300,uniform,3
90,587,9,0,256,300,uniform,3
91,583,15,0,256,300,uniform,2
91,584,18,1,256,300,uniform,2
92,586,2,1,128,300,uniform,3
92,582,9,1,128,300,uniform,2
93,584,18,1,256,300,uniform,2
93,583,5,0,256,300,uniform,2
94,585,17,0,128,300,uniform,3
94,581,6,0,128,300,uniform,2
95,587,19,0,256,300,uniform,3
95,588,3,1,256,300,uniform,3
96,579,2,0,256,300,uniform,1
96,585,19,0,128,300,uniform,3
97,587,9,0,256,300,uniform,3
97,583,3,0,256,300,uniform,2
98,584,3,1,256,300,uniform,2
98,583,15,0,256,300,uniform,2
99,584,8,1,256,300,uniform,2
99,585,5,0,128,300,uniform,3
100,578,12,1,128,300,uniform,1
100,585,6,0,128,300,uniform,3
101,578,9,1,128,300,uniform,1
101,580,3,1,256,300,uniform,1
102,581,13,0,128,300,uniform,2
102,577,18,0,128,300,uniform,1
103,579,11,0,256,300,uniform,1
103,585,14,0,128,300,uniform,3
104,579,14,0,256,300,uniform,1
104,588,5,1,256,300,uniform,3
105,580,4,1,256,300,uniform,1
105,588,9,1,256,300,uniform,3
106,579,10,0,256,300,uniform,1
106,585,11,0,128,300,uniform,3
107,587,1,0,256,300,uniform,3
107,581,11,0,128,300,uniform,2
108,583,13,0,256,300,uniform,2
108,579,14,0,256,300,uniform,1
109,578,14,1,128,300,uniform,1
109,582,19,1,128,300,uniform,2
110,586,12,1,128,300,uniform,3
110,582,9,1,128,300,uniform,2
111,580,5,1,256,300,uniform,1
111,582,17,1,128,300,uniform,2
112,578,16,1,128,300,uniform,1
112,586,15,1,128,300,uniform,3
113,584,11,1,256,300,uniform,2
113,588,8,1,256,300,uniform,3
114,587,2,0,256,300,uniform,3
114,583,15,0,256,300,uniform,2
115,582,7,1,128,300,uniform,2
115,587,10,0,256,300,uniform,3
116,586,17,1,128,300,uniform,3
116,578,18,1,128,300,uniform,1
117,586,9,1,128,300,uniform,3
117,577,17,0,128,300,uniform,1
118,582,5,1,128,300,uniform,2
118,583,18,0,256,300,uniform,2
119,583,20,0,256,300,uniform,2
119,581,17,0,128,300,uniform,2
120,584,18,1,256,300,uniform,2
120,581,2,0,128,300,uniform,2
121,587,19,0,256,300,uniform,3
121,581,11,0,128,300,uniform,2
122,586,11,1,128,300,uniform,3
122,577,2,0,128,300,uniform,1
123,580,18,1,256,300,uniform,1
123,587,8,0,256,300,uniform,3
124,583,13,0,256,300,uniform,2
124,581,12,0,128,300,uniform,2
125,586,19,1,128,300,uniform,3
125,579,8,0,256,300,uniform,1
126,581,5,0,128,300,uniform,2
126,587,8,0,256,300,uniform,3
127,578,5,1,128,300,uniform,1
127,588,13,1,256,300,uniform,3
128,577,5,0,128,300,uniform,1
128,587,1,0,256,300,uniform,3
129,586,18,1,128,300,uniform,3
129,581,7,0,128,300,uniform,2
130,584,8,1,256,300,uniform,2
130,587,2,0,256,300,uniform,3
131,579,1,0,256,300,uniform,1
131,587,14,0,256,300,uniform,3
132,587,11,0,256,300,uniform,3
132,583,16,0,256,300,uniform,2
133,581,11,0,128,300,uniform,2
133,580,7,1,256,300,uniform,1
134,584,15,1,256,300,uniform,2
134,581,19,0,128,300,uniform,2
135,584,8,1,256,300,uniform,2
135,585,3,0,128,300,uniform,3
136,584,19,1,256,300,uniform,2
136,580,10,1,256,300,uniform,1
137,577,19,0,128,300,uniform,1
137,582,7,1,128,300,uniform,2
138,583,18,0,256,300,uniform,2
138,585,11,0,128,300,uniform,3
139,581,20,0,128,300,uniform,2
139,585,16,0,128,300,uniform,3
140,577,13,0,128,300,uniform,1
140,587,19,0,256,300,uniform,3
141,585,4,0,128,300,uniform,3
141,584,2,1,256,300,uniform,2
142,578,13,1,128,300,uniform,1
142,583,4,0,256,300,uniform,2
143,588,14,1,256,300,uniform,3
143,583,5,0,256,300,uniform,2
144,580,16,1,256,300,uniform,1
144,588,10,1,256,300,uniform,3
145,581,18,0,128,300,uniform,2
145,583,4,0,256,300,uniform,2
146,585,6,0,128,300,uniform,3
146,582,19,1,128,300,uniform,2
147,578,12,1,128,300,uniform,1
147,586,8,1,128,300,uniform,3
148,578,11,1,128,300,uniform,1
148,577,5,0,128,300,uniform,1
149,582,12,1,128,300,uniform,2
149,581,2,0,128,300,uniform,2
150,581,2,0,128,300,uniform,2
150,578,3,1,128,300,uniform,1
151,588,7,1,256,300,uniform,3
151,587,5,0,256,300,uniform,3
152,579,18,0,256,300,uniform,1
152,588,9,1,256,300,uniform,3
153,586,17,1,128,300,uniform,3
153,577,5,0,128,300,uniform,1
154,585,17,0,128,300,uniform,3
154,578,8,1,128,300,uniform,1
155,588,13,1,256,300,uniform,3
155,586,7,1,128,300,uniform,3
156,584,11,1,256,300,uniform,2
156,587,19,0,256,300,uniform,3
157,577,9,0,128,300,uniform,1
157,584,6,1,256,300,uniform,2
158,583,14,0,256,300,uniform,2
158,587,17,0,256,300,uniform,3
159,588,18,1,256,300,uniform,3
159,585,12,0,128,300,uniform,3
160,583,13,0,256,300,uniform,2
160,581,19,0,128,300,uniform,2
