subject,lineup_id,a,n,x_dist,e_sigma
1,366,4,50,lognormal,0.25
2,314,1,50,uneven_discrete,0.5
3,34,3,100,lognormal,0.5
4,32,4,100,uniform,0.125
5,431,5,50,uniform,1
6,73,1,300,neglognormal,0.5
7,93,6,50,lognormal,0.125
8,340,6,300,uniform,0.5
9,402,4,50,neglognormal,0.25
10,200,4,300,neglognormal,0.25
11,33,3,300,normal,1
12,371,5,100,lognormal,1
13,184,6,300,uniform,1
14,83,6,50,even_discrete,0.25
15,140,6,300,even_discrete,1
16,374,4,100,uneven_discrete,1
17,132,5,50,lognormal,0.25
18,321,2,300,neglognormal,0.25
19,380,4,100,uniform,0.25
20,45,6,50,neglognormal,0.125
21,114,6,300,normal,1
22,215,2,50,neglognormal,0.25
23,198,2,50,lognormal,0.25
24,137,6,300,normal,0.125
25,392,5,100,lognormal,0.125
26,296,5,300,normal,0.25
27,75,1,300,neglognormal,0.25
28,122,5,100,lognormal,0.25
29,281,3,100,normal,0.25
30,104,3,100,even_discrete,1
31,193,6,100,normal,0.25
32,166,5,50,neglognormal,0.125
33,154,1,100,lognormal,0.25
34,88,2,50,neglognormal,1
35,44,6,100,neglognormal,0.25
36,422,6,300,uniform,0.25
37,17,2,100,uneven_discrete,0.5
38,112,2,50,neglognormal,0.5
39,245,5,50,uniform,0.25
40,58,6,50,normal,1
41,283,4,50,uniform,0.25
42,269,1,300,neglognormal,0.125
43,208,3,300,normal,0.125
44,25,4,300,uniform,0.25
45,354,1,100,uneven_discrete,0.25
46,91,4,100,normal,0.25
47,51,6,50,uniform,1
48,19,6,300,neglognormal,0.125
49,239,6,50,even_discrete,0.5
50,65,1,300,lognormal,0.5
51,401,5,100,even_discrete,0.125
52,406,1,300,even_discrete,0.25
53,251,1,100,uniform,0.125
54,227,2,100,lognormal,0.5
55,71,2,100,even_discrete,0.25
56,188,5,50,neglognormal,1
57,295,3,100,uneven_discrete,1
58,182,3,50,uneven_discrete,0.5
59,213,1,100,even_discrete,1
60,286,6,100,neglognormal,0.125
61,228,2,300,uneven_discrete,1
62,12,3,50,even_discrete,0.125
63,201,6,50,even_discrete,1
64,178,3,50,neglognormal,0.125
65,175,1,300,uniform,1
66,237,6,100,lognormal,1
67,403,3,100,normal,0.5
68,265,4,300,lognormal,0.5
69,167,4,100,uneven_discrete,0.5
70,181,2,50,uneven_discrete,0.125
71,197,3,50,neglognormal,0.25
72,305,4,100,uniform,0.5
73,105,1,300,even_discrete,1
74,221,5,300,neglognormal,0.125
75,320,6,300,uneven_discrete,0.25
76,243,3,50,neglognormal,1
77,235,4,100,neglognormal,0.5
78,98,2,50,uniform,0.125
79,16,2,50,lognormal,0.5
80,67,5,300,uneven_discrete,1
81,232,1,50,even_discrete,0.25
82,108,5,100,normal,0.125
83,50,4,50,even_discrete,1
84,384,4,50,even_discrete,0.125
85,189,6,100,uniform,0.125
86,195,4,50,neglognormal,0.125
87,204,1,300,lognormal,0.25
88,176,1,300,even_discrete,0.125
89,339,2,50,normal,0.125
90,95,1,50,normal,0.125
91,90,2,300,even_discrete,0.125
92,257,4,50,normal,0.125
93,219,3,300,normal,0.5
94,40,3,100,normal,0.125
95,249,5,50,normal,0.25
96,307,5,300,neglognormal,1
97,379,2,100,even_discrete,0.5
98,388,4,100,even_discrete,0.25
99,393,3,100,lognormal,0.125
100,63,5,100,neglognormal,0.125
101,276,3,300,uneven_discrete,1
102,4,6,300,normal,0.5
103,331,3,100,neglognormal,1
104,37,2,100,normal,0.125
105,179,6,100,lognormal,0.125
106,103,5,300,lognormal,0.5
107,13,6,300,lognormal,1
108,142,2,100,uniform,0.125
109,42,6,100,uniform,0.5
110,347,5,300,normal,0.5
111,29,1,300,neglognormal,1
112,30,2,100,uniform,1
113,165,3,300,lognormal,0.5
114,389,5,100,uneven_discrete,1
115,357,2,300,uneven_discrete,0.125
116,66,4,50,normal,1
117,399,2,50,normal,0.5
118,194,3,50,uniform,0.5
119,410,5,100,normal,0.25
120,254,3,300,uniform,0.25
1,171,6,100,even_discrete,0.5
2,210,4,300,lognormal,1
3,66,4,50,normal,1
4,112,2,50,neglognormal,0.5
5,220,1,300,uneven_discrete,0.5
6,189,6,100,uniform,0.125
7,15,5,300,neglognormal,0.5
8,415,3,50,even_discrete,1
9,33,3,300,normal,1
10,431,5,50,uniform,1
11,313,4,100,neglognormal,0.25
12,247,6,300,normal,0.25
13,291,3,50,even_discrete,0.25
14,319,2,300,neglognormal,0.5
15,162,5,50,uneven_discrete,0.5
16,330,6,300,even_discrete,0.5
17,6,2,300,neglognormal,0.125
18,62,3,100,uniform,0.5
19,19,6,300,neglognormal,0.125
20,109,5,100,even_discrete,0.25
21,9,3,100,uneven_discrete,0.125
22,117,5,100,even_discrete,0.5
23,235,4,100,neglognormal,0.5
24,366,4,50,lognormal,0.25
25,413,3,300,uneven_discrete,0.25
26,213,1,100,even_discrete,1
27,393,3,100,lognormal,0.125
28,28,4,300,uneven_discrete,0.5
29,139,4,300,even_discrete,0.125
30,53,4,300,lognormal,0.25
31,100,2,300,neglognormal,1
32,43,6,100,uneven_discrete,0.5
33,118,5,50,even_discrete,0.5
34,353,6,100,even_discrete,0.125
35,421,3,50,lognormal,0.5
36,314,1,50,uneven_discrete,0.5
37,384,4,50,even_discrete,0.125
38,49,6,100,uneven_discrete,1
39,274,2,100,lognormal,1
40,395,1,300,lognormal,0.125
41,101,3,100,neglognormal,0.125
42,240,4,50,uneven_discrete,0.5
43,324,2,100,lognormal,0.25
44,275,6,100,normal,0.5
45,325,6,50,even_discrete,0.125
46,112,2,50,neglognormal,0.5
47,102,2,100,normal,0.5
48,412,1,50,uneven_discrete,0.25
49,200,4,300,neglognormal,0.25
50,153,4,50,uneven_discrete,0.125
51,36,2,50,normal,0.25
52,183,6,100,uniform,1
53,365,6,300,uneven_discrete,0.5
54,273,3,50,normal,0.25
55,121,6,50,normal,0.125
56,31,3,300,uneven_discrete,0.5
57,231,5,50,uniform,0.125
58,176,1,300,even_discrete,0.125
59,223,3,50,normal,0.5
60,421,3,50,lognormal,0.5
61,293,4,50,uniform,0.125
62,77,4,100,lognormal,1
63,200,4,300,neglognormal,0.25
64,119,5,300,normal,1
65,372,2,50,even_discrete,0.25
66,312,1,50,uneven_discrete,0.125
67,6,2,300,neglognormal,0.125
68,270,6,50,uniform,0.125
69,258,5,50,neglognormal,0.25
70,207,3,100,lognormal,0.25
71,72,1,300,uniform,0.5
72,349,6,300,uneven_discrete,1
73,205,4,50,normal,0.5
74,354,1,100,uneven_discrete,0.25
75,293,4,50,uniform,0.125
76,57,6,300,lognormal,0.25
77,253,1,50,lognormal,1
78,119,5,300,normal,1
79,422,6,300,uniform,0.25
80,170,1,100,neglognormal,0.5
81,145,4,100,normal,1
82,5,4,50,even_discrete,0.25
83,85,2,100,uniform,0.25
84,204,1,300,lognormal,0.25
85,138,3,300,lognormal,1
86,97,3,100,lognormal,1
87,352,4,50,uneven_discrete,1
88,157,4,50,lognormal,0.5
89,388,4,100,even_discrete,0.25
90,397,5,100,uniform,1
91,380,4,100,uniform,0.25
92,364,3,300,neglognormal,0.25
93,226,4,100,even_discrete,1
94,240,4,50,uneven_discrete,0.5
95,187,1,100,uneven_discrete,0.5
96,125,4,100,even_discrete,0.5
97,323,5,50,normal,0.125
98,184,6,300,uniform,1
99,259,4,50,neglognormal,1
100,1,2,300,lognormal,1
101,85,2,100,uniform,0.25
102,115,1,100,uneven_discrete,0.125
103,381,2,300,normal,0.125
104,241,3,300,uniform,0.5
105,72,1,300,uniform,0.5
106,76,4,100,normal,0.125
107,401,5,100,even_discrete,0.125
108,31,3,300,uneven_discrete,0.5
109,123,1,300,uneven_discrete,1
110,293,4,50,uniform,0.125
111,194,3,50,uniform,0.5
112,86,6,300,neglognormal,0.25
113,323,5,50,normal,0.125
114,47,4,50,normal,0.25
115,81,6,50,normal,0.5
116,272,2,300,uniform,0.25
117,236,3,100,uniform,1
118,37,2,100,normal,0.125
119,368,2,50,lognormal,0.125
120,170,1,100,neglognormal,0.5
1,119,5,300,normal,1
2,301,6,100,even_discrete,0.25
3,131,1,300,uneven_discrete,0.25
4,296,5,300,normal,0.25
5,313,4,100,neglognormal,0.25
6,291,3,50,even_discrete,0.25
7,190,1,100,normal,0.25
8,308,2,100,uneven_discrete,0.125
9,367,5,100,lognormal,0.5
10,275,6,100,normal,0.5
11,311,5,50,lognormal,0.5
12,150,4,50,uniform,0.5
13,308,2,100,uneven_discrete,0.125
14,224,3,100,uniform,0.125
15,32,4,100,uniform,0.125
16,10,1,50,uniform,0.25
17,374,4,100,uneven_discrete,1
18,209,5,50,uneven_discrete,0.125
19,148,2,50,uneven_discrete,1
20,416,4,300,uniform,1
21,141,1,50,even_discrete,0.5
22,164,1,300,lognormal,1
23,105,1,300,even_discrete,1
24,236,3,100,uniform,1
25,277,1,50,normal,1
26,368,2,50,lognormal,0.125
27,118,5,50,even_discrete,0.5
28,415,3,50,even_discrete,1
29,22,2,50,lognormal,1
30,74,5,50,uniform,0.5
31,162,5,50,uneven_discrete,0.5
32,334,4,300,even_discrete,0.25
33,381,2,300,normal,0.125
34,219,3,300,normal,0.5
35,123,1,300,uneven_discrete,1
36,401,5,100,even_discrete,0.125
37,13,6,300,lognormal,1
38,296,5,300,normal,0.25
39,365,6,300,uneven_discrete,0.5
40,405,5,100,uniform,0.25
41,394,5,300,uneven_discrete,0.5
42,46,2,100,normal,1
43,51,6,50,uniform,1
44,292,1,50,lognormal,0.125
45,279,4,300,neglognormal,1
46,395,1,300,lognormal,0.125
47,287,3,300,lognormal,0.25
48,30,2,100,uniform,1
49,68,1,100,lognormal,1
50,14,3,100,uniform,0.25
51,13,6,300,lognormal,1
52,111,3,50,uneven_discrete,0.125
53,243,3,50,neglognormal,1
54,429,5,300,even_discrete,0.125
55,165,3,300,lognormal,0.5
56,142,2,100,uniform,0.125
57,69,6,300,neglognormal,0.5
58,346,5,100,normal,1
59,60,2,300,uneven_discrete,0.25
60,146,5,300,even_discrete,1
61,275,6,100,normal,0.5
62,69,6,300,neglognormal,0.5
63,9,3,100,uneven_discrete,0.125
64,41,1,100,even_discrete,0.25
65,101,3,100,neglognormal,0.125
66,309,5,300,even_discrete,0.5
67,303,5,50,uneven_discrete,0.25
68,130,5,100,neglognormal,0.25
69,176,1,300,even_discrete,0.125
70,15,5,300,neglognormal,0.5
71,353,6,100,even_discrete,0.125
72,360,1,50,neglognormal,0.25
73,222,6,100,uneven_discrete,0.125
74,289,6,50,lognormal,1
75,64,2,100,neglognormal,0.5
76,386,1,100,normal,0.125
77,174,3,300,normal,0.25
78,152,6,100,lognormal,0.25
79,401,5,100,even_discrete,0.125
80,36,2,50,normal,0.25
81,316,6,300,uniform,0.125
82,229,3,300,uniform,1
83,73,1,300,neglognormal,0.5
84,268,5,100,neglognormal,1
85,338,1,50,normal,0.25
86,272,2,300,uniform,0.25
87,379,2,100,even_discrete,0.5
88,49,6,100,uneven_discrete,1
89,124,5,300,uniform,1
90,365,6,300,uneven_discrete,0.5
91,133,3,50,normal,1
92,376,5,100,uniform,0.5
93,333,5,50,lognormal,0.125
94,272,2,300,uniform,0.25
95,316,6,300,uniform,0.125
96,199,3,50,uniform,0.125
97,320,6,300,uneven_discrete,0.25
98,181,2,50,uneven_discrete,0.125
99,406,1,300,even_discrete,0.25
100,223,3,50,normal,0.5
101,144,5,50,normal,0.5
102,243,3,50,neglognormal,1
103,5,4,50,even_discrete,0.25
104,428,5,50,even_discrete,1
105,50,4,50,even_discrete,1
106,337,3,50,uniform,0.25
107,106,2,50,uniform,0.25
108,258,5,50,neglognormal,0.25
109,217,2,50,even_discrete,0.125
110,255,2,100,uneven_discrete,1
111,348,2,100,even_discrete,0.125
112,311,5,50,lognormal,0.5
113,183,6,100,uniform,1
114,269,1,300,neglognormal,0.125
115,380,4,100,uniform,0.25
116,43,6,100,uneven_discrete,0.5
117,131,1,300,uneven_discrete,0.25
118,126,4,300,even_discrete,1
119,140,6,300,even_discrete,1
120,181,2,50,uneven_discrete,0.125
1,404,2,100,neglognormal,0.125
2,101,3,100,neglognormal,0.125
3,98,2,50,uniform,0.125
4,349,6,300,uneven_discrete,1
5,280,3,100,even_discrete,0.125
6,216,5,300,lognormal,1
7,148,2,50,uneven_discrete,1
8,132,5,50,lognormal,0.25
9,251,1,100,uniform,0.125
10,292,1,50,lognormal,0.125
11,348,2,100,even_discrete,0.125
12,427,1,50,even_discrete,0.125
13,235,4,100,neglognormal,0.5
14,419,1,300,normal,1
15,177,3,100,neglognormal,0.25
16,37,2,100,normal,0.125
17,61,1,100,uniform,0.5
18,210,4,300,lognormal,1
19,223,3,50,normal,0.5
20,219,3,300,normal,0.5
21,405,5,100,uniform,0.25
22,189,6,100,uniform,0.125
23,111,3,50,uneven_discrete,0.125
24,379,2,100,even_discrete,0.5
25,70,2,100,uniform,0.5
26,143,3,100,neglognormal,0.5
27,349,6,300,uneven_discrete,1
28,225,1,300,normal,0.125
29,202,1,50,neglognormal,0.5
30,121,6,50,normal,0.125
31,252,1,100,lognormal,0.125
32,274,2,100,lognormal,1
33,359,3,50,uneven_discrete,1
34,116,4,100,uneven_discrete,0.25
35,401,5,100,even_discrete,0.125
36,259,4,50,neglognormal,1
37,360,1,50,neglognormal,0.25
38,12,3,50,even_discrete,0.125
39,298,3,300,even_discrete,0.125
40,125,4,100,even_discrete,0.5
41,58,6,50,normal,1
42,159,6,50,lognormal,0.25
43,394,5,300,uneven_discrete,0.5
44,243,3,50,neglognormal,1
45,62,3,100,uniform,0.5
46,54,6,100,even_discrete,1
47,115,1,100,uneven_discrete,0.125
48,34,3,100,lognormal,0.5
49,323,5,50,normal,0.125
50,84,6,100,neglognormal,1
51,241,3,300,uniform,0.5
52,163,4,300,neglognormal,0.5
53,366,4,50,lognormal,0.25
54,349,6,300,uneven_discrete,1
55,244,1,50,neglognormal,1
56,388,4,100,even_discrete,0.25
57,338,1,50,normal,0.25
58,329,4,100,lognormal,0.25
59,189,6,100,uniform,0.125
60,283,4,50,uniform,0.25
61,27,1,100,neglognormal,0.25
62,332,2,300,normal,0.25
63,144,5,50,normal,0.5
64,151,6,50,uneven_discrete,0.5
65,167,4,100,uneven_discrete,0.5
66,174,3,300,normal,0.25
67,140,6,300,even_discrete,1
68,104,3,100,even_discrete,1
69,114,6,300,normal,1
70,226,4,100,even_discrete,1
71,210,4,300,lognormal,1
72,398,3,300,lognormal,0.125
73,122,5,100,lognormal,0.25
74,300,4,100,normal,0.5
75,277,1,50,normal,1
76,162,5,50,uneven_discrete,0.5
77,327,6,300,even_discrete,0.125
78,73,1,300,neglognormal,0.5
79,351,4,100,neglognormal,1
80,325,6,50,even_discrete,0.125
81,39,3,300,neglognormal,0.5
82,151,6,50,uneven_discrete,0.5
83,108,5,100,normal,0.125
84,151,6,50,uneven_discrete,0.5
85,92,5,50,neglognormal,0.5
86,347,5,300,normal,0.5
87,45,6,50,neglognormal,0.125
88,408,5,300,neglognormal,0.25
89,65,1,300,lognormal,0.5
90,177,3,100,neglognormal,0.25
91,411,5,100,neglognormal,0.5
92,349,6,300,uneven_discrete,1
93,264,6,100,uniform,0.25
94,84,6,100,neglognormal,1
95,243,3,50,neglognormal,1
96,320,6,300,uneven_discrete,0.25
97,342,4,100,uniform,1
98,420,3,50,neglognormal,0.5
99,376,5,100,uniform,0.5
100,41,1,100,even_discrete,0.25
101,327,6,300,even_discrete,0.125
102,53,4,300,lognormal,0.25
103,72,1,300,uniform,0.5
104,354,1,100,uneven_discrete,0.25
105,215,2,50,neglognormal,0.25
106,390,6,50,neglognormal,1
107,39,3,300,neglognormal,0.5
108,164,1,300,lognormal,1
109,258,5,50,neglognormal,0.25
110,291,3,50,even_discrete,0.25
111,329,4,100,lognormal,0.25
112,95,1,50,normal,0.125
113,169,2,300,even_discrete,0.25
114,42,6,100,uniform,0.5
115,268,5,100,neglognormal,1
116,395,1,300,lognormal,0.125
117,327,6,300,even_discrete,0.125
118,57,6,300,lognormal,0.25
119,163,4,300,neglognormal,0.5
120,237,6,100,lognormal,1
1,199,3,50,uniform,0.125
2,107,2,300,uniform,0.5
3,130,5,100,neglognormal,0.25
4,65,1,300,lognormal,0.5
5,81,6,50,normal,0.5
6,399,2,50,normal,0.5
7,229,3,300,uniform,1
8,234,1,50,neglognormal,0.125
9,160,6,300,uneven_discrete,0.125
10,113,3,50,uneven_discrete,0.25
11,263,1,50,uniform,1
12,378,3,100,uneven_discrete,0.5
13,103,5,300,lognormal,0.5
14,375,5,300,lognormal,0.125
15,35,1,100,lognormal,0.5
16,367,5,100,lognormal,0.5
17,33,3,300,normal,1
18,327,6,300,even_discrete,0.125
19,363,5,300,even_discrete,0.25
20,156,2,50,uneven_discrete,0.5
21,321,2,300,neglognormal,0.25
22,281,3,100,normal,0.25
23,189,6,100,uniform,0.125
24,162,5,50,uneven_discrete,0.5
25,402,4,50,neglognormal,0.25
26,222,6,100,uneven_discrete,0.125
27,285,4,300,uniform,0.5
28,64,2,100,neglognormal,0.5
29,231,5,50,uniform,0.125
30,404,2,100,neglognormal,0.125
31,297,3,300,uniform,0.125
32,297,3,300,uniform,0.125
33,402,4,50,neglognormal,0.25
34,124,5,300,uniform,1
35,185,4,300,normal,0.5
36,341,2,300,normal,0.5
37,297,3,300,uniform,0.125
38,65,1,300,lognormal,0.5
39,75,1,300,neglognormal,0.25
40,321,2,300,neglognormal,0.25
41,141,1,50,even_discrete,0.5
42,199,3,50,uniform,0.125
43,202,1,50,neglognormal,0.5
44,266,2,100,even_discrete,1
45,375,5,300,lognormal,0.125
46,158,3,50,uniform,1
47,279,4,300,neglognormal,1
48,191,5,50,even_discrete,0.125
49,308,2,100,uneven_discrete,0.125
50,7,2,50,even_discrete,0.5
51,200,4,300,neglognormal,0.25
52,56,2,50,normal,1
53,109,5,100,even_discrete,0.25
54,242,1,100,uniform,0.25
55,192,5,300,uniform,0.25
56,13,6,300,lognormal,1
57,16,2,50,lognormal,0.5
58,321,2,300,neglognormal,0.25
59,195,4,50,neglognormal,0.125
60,225,1,300,normal,0.125
61,287,3,300,lognormal,0.25
62,162,5,50,uneven_discrete,0.5
63,106,2,50,uniform,0.25
64,22,2,50,lognormal,1
65,122,5,100,lognormal,0.25
66,313,4,100,neglognormal,0.25
67,329,4,100,lognormal,0.25
68,412,1,50,uneven_discrete,0.25
69,16,2,50,lognormal,0.5
70,261,1,50,normal,0.5
71,346,5,100,normal,1
72,71,2,100,even_discrete,0.25
73,236,3,100,uniform,1
74,142,2,100,uniform,0.125
75,345,5,50,even_discrete,0.25
76,5,4,50,even_discrete,0.25
77,397,5,100,uniform,1
78,426,3,50,even_discrete,0.5
79,419,1,300,normal,1
80,241,3,300,uniform,0.5
81,333,5,50,lognormal,0.125
82,432,2,50,neglognormal,0.125
83,310,6,50,lognormal,0.5
84,133,3,50,normal,1
85,384,4,50,even_discrete,0.125
86,151,6,50,uneven_discrete,0.5
87,144,5,50,normal,0.5
88,56,2,50,normal,1
89,420,3,50,neglognormal,0.5
90,21,2,50,even_discrete,1
91,57,6,300,lognormal,0.25
92,71,2,100,even_discrete,0.25
93,156,2,50,uneven_discrete,0.5
94,427,1,50,even_discrete,0.125
95,388,4,100,even_discrete,0.25
96,36,2,50,normal,0.25
97,430,1,100,neglognormal,0.125
98,395,1,300,lognormal,0.125
99,255,2,100,uneven_discrete,1
100,183,6,100,uniform,1
101,163,4,300,neglognormal,0.5
102,7,2,50,even_discrete,0.5
103,333,5,50,lognormal,0.125
104,94,6,300,neglognormal,1
105,389,5,100,uneven_discrete,1
106,187,1,100,uneven_discrete,0.5
107,322,1,100,normal,1
108,66,4,50,normal,1
109,40,3,100,normal,0.125
110,86,6,300,neglognormal,0.25
111,89,6,50,uneven_discrete,0.25
112,128,4,300,uneven_discrete,1
113,260,4,300,neglognormal,0.125
114,344,3,300,even_discrete,0.25
115,306,1,50,even_discrete,1
116,109,5,100,even_discrete,0.25
117,367,5,100,lognormal,0.5
118,27,1,100,neglognormal,0.25
119,10,1,50,uniform,0.25
120,8,5,300,normal,0.125
1,354,1,100,uneven_discrete,0.25
2,249,5,50,normal,0.25
3,239,6,50,even_discrete,0.5
4,104,3,100,even_discrete,1
5,278,2,300,lognormal,0.125
6,374,4,100,uneven_discrete,1
7,125,4,100,even_discrete,0.5
8,299,4,300,normal,0.125
9,266,2,100,even_discrete,1
10,71,2,100,even_discrete,0.25
11,82,6,50,uneven_discrete,0.125
12,215,2,50,neglognormal,0.25
13,225,1,300,normal,0.125
14,240,4,50,uneven_discrete,0.5
15,381,2,300,normal,0.125
16,271,3,300,neglognormal,1
17,48,6,300,even_discrete,0.25
18,322,1,100,normal,1
19,292,1,50,lognormal,0.125
20,204,1,300,lognormal,0.25
21,77,4,100,lognormal,1
22,352,4,50,uneven_discrete,1
23,347,5,300,normal,0.5
24,73,1,300,neglognormal,0.5
25,54,6,100,even_discrete,1
26,150,4,50,uniform,0.5
27,102,2,100,normal,0.5
28,356,6,50,uniform,0.5
29,222,6,100,uneven_discrete,0.125
30,123,1,300,uneven_discrete,1
31,318,4,300,even_discrete,0.5
32,386,1,100,normal,0.125
33,270,6,50,uniform,0.125
34,395,1,300,lognormal,0.125
35,70,2,100,uniform,0.5
36,230,3,50,lognormal,0.25
37,296,5,300,normal,0.25
38,283,4,50,uniform,0.25
39,66,4,50,normal,1
40,276,3,300,uneven_discrete,1
41,368,2,50,lognormal,0.125
42,117,5,100,even_discrete,0.5
43,125,4,100,even_discrete,0.5
44,423,5,100,uneven_discrete,0.25
45,37,2,100,normal,0.125
46,67,5,300,uneven_discrete,1
47,109,5,100,even_discrete,0.25
48,205,4,50,normal,0.5
49,229,3,300,uniform,1
50,119,5,300,normal,1
51,312,1,50,uneven_discrete,0.125
52,375,5,300,lognormal,0.125
53,102,2,100,normal,0.5
54,195,4,50,neglognormal,0.125
55,282,4,100,uneven_discrete,0.125
56,225,1,300,normal,0.125
57,125,4,100,even_discrete,0.5
58,340,6,300,uniform,0.5
59,132,5,50,lognormal,0.25
60,181,2,50,uneven_discrete,0.125
61,309,5,300,even_discrete,0.5
62,175,1,300,uniform,1
63,154,1,100,lognormal,0.25
64,342,4,100,uniform,1
65,400,6,100,normal,1
66,70,2,100,uniform,0.5
67,263,1,50,uniform,1
68,37,2,100,normal,0.125
69,14,3,100,uniform,0.25
70,184,6,300,uniform,1
71,181,2,50,uneven_discrete,0.125
72,288,5,50,normal,1
73,432,2,50,neglognormal,0.125
74,344,3,300,even_discrete,0.25
75,393,3,100,lognormal,0.125
76,110,2,300,uniform,0.125
77,246,2,300,uneven_discrete,0.5
78,374,4,100,uneven_discrete,1
79,378,3,100,uneven_discrete,0.5
80,157,4,50,lognormal,0.5
81,17,2,100,uneven_discrete,0.5
82,35,1,100,lognormal,0.5
83,378,3,100,uneven_discrete,0.5
84,142,2,100,uniform,0.125
85,385,2,100,uneven_discrete,0.25
86,176,1,300,even_discrete,0.125
87,224,3,100,uniform,0.125
88,337,3,50,uniform,0.25
89,320,6,300,uneven_discrete,0.25
90,210,4,300,lognormal,1
91,115,1,100,uneven_discrete,0.125
92,253,1,50,lognormal,1
93,29,1,300,neglognormal,1
94,132,5,50,lognormal,0.25
95,368,2,50,lognormal,0.125
96,369,1,50,lognormal,0.5
97,165,3,300,lognormal,0.5
98,249,5,50,normal,0.25
99,81,6,50,normal,0.5
100,28,4,300,uneven_discrete,0.5
101,68,1,100,lognormal,1
102,245,5,50,uniform,0.25
103,151,6,50,uneven_discrete,0.5
104,53,4,300,lognormal,0.25
105,281,3,100,normal,0.25
106,172,2,300,even_discrete,1
107,155,4,300,uneven_discrete,0.25
108,325,6,50,even_discrete,0.125
109,157,4,50,lognormal,0.5
110,369,1,50,lognormal,0.5
111,346,5,100,normal,1
112,298,3,300,even_discrete,0.125
113,115,1,100,uneven_discrete,0.125
114,1,2,300,lognormal,1
115,230,3,50,lognormal,0.25
116,331,3,100,neglognormal,1
117,313,4,100,neglognormal,0.25
118,303,5,50,uneven_discrete,0.25
119,182,3,50,uneven_discrete,0.5
120,388,4,100,even_discrete,0.25
1,156,2,50,uneven_discrete,0.5
2,300,4,100,normal,0.5
3,213,1,100,even_discrete,1
4,324,2,100,lognormal,0.25
5,230,3,50,lognormal,0.25
6,34,3,100,lognormal,0.5
7,284,1,300,uneven_discrete,0.125
8,117,5,100,even_discrete,0.5
9,18,1,300,even_discrete,0.5
10,357,2,300,uneven_discrete,0.125
11,73,1,300,neglognormal,0.5
12,96,3,300,neglognormal,0.125
13,97,3,100,lognormal,1
14,304,5,100,normal,0.5
15,427,1,50,even_discrete,0.125
16,296,5,300,normal,0.25
17,280,3,100,even_discrete,0.125
18,16,2,50,lognormal,0.5
19,238,6,100,lognormal,0.5
20,277,1,50,normal,1
21,159,6,50,lognormal,0.25
22,334,4,300,even_discrete,0.25
23,188,5,50,neglognormal,1
24,126,4,300,even_discrete,1
25,269,1,300,neglognormal,0.125
26,58,6,50,normal,1
27,312,1,50,uneven_discrete,0.125
28,1,2,300,lognormal,1
29,294,5,300,lognormal,0.25
30,167,4,100,uneven_discrete,0.5
31,45,6,50,neglognormal,0.125
32,205,4,50,normal,0.5
33,307,5,300,neglognormal,1
34,322,1,100,normal,1
35,58,6,50,normal,1
36,30,2,100,uniform,1
37,264,6,100,uniform,0.25
38,357,2,300,uneven_discrete,0.125
39,61,1,100,uniform,0.5
40,127,2,50,uniform,0.5
41,175,1,300,uniform,1
42,344,3,300,even_discrete,0.25
43,191,5,50,even_discrete,0.125
44,336,3,300,uneven_discrete,0.125
45,135,3,50,lognormal,1
46,345,5,50,even_discrete,0.25
47,141,1,50,even_discrete,0.5
48,294,5,300,lognormal,0.25
49,143,3,100,neglognormal,0.5
50,392,5,100,lognormal,0.125
51,227,2,100,lognormal,0.5
52,385,2,100,uneven_discrete,0.25
53,90,2,300,even_discrete,0.125
54,346,5,100,normal,1
55,211,1,100,normal,0.5
56,356,6,50,uniform,0.5
57,298,3,300,even_discrete,0.125
58,259,4,50,neglognormal,1
59,167,4,100,uneven_discrete,0.5
60,319,2,300,neglognormal,0.5
61,99,5,50,lognormal,1
62,142,2,100,uniform,0.125
63,234,1,50,neglognormal,0.125
64,47,4,50,normal,0.25
65,219,3,300,normal,0.5
66,316,6,300,uniform,0.125
67,267,6,50,neglognormal,0.5
68,176,1,300,even_discrete,0.125
69,286,6,100,neglognormal,0.125
70,43,6,100,uneven_discrete,0.5
71,320,6,300,uneven_discrete,0.25
72,319,2,300,neglognormal,0.5
73,422,6,300,uniform,0.25
74,156,2,50,uneven_discrete,0.5
75,216,5,300,lognormal,1
76,414,4,100,lognormal,0.5
77,71,2,100,even_discrete,0.25
78,101,3,100,neglognormal,0.125
79,55,6,50,uneven_discrete,1
80,32,4,100,uniform,0.125
81,146,5,300,even_discrete,1
82,247,6,300,normal,0.25
83,363,5,300,even_discrete,0.25
84,38,3,100,even_discrete,0.5
85,4,6,300,normal,0.5
86,21,2,50,even_discrete,1
87,114,6,300,normal,1
88,392,5,100,lognormal,0.125
89,396,1,100,uneven_discrete,1
90,311,5,50,lognormal,0.5
91,28,4,300,uneven_discrete,0.5
92,341,2,300,normal,0.5
93,386,1,100,normal,0.125
94,35,1,100,lognormal,0.5
95,319,2,300,neglognormal,0.5
96,90,2,300,even_discrete,0.125
97,281,3,100,normal,0.25
98,268,5,100,neglognormal,1
99,28,4,300,uneven_discrete,0.5
100,59,6,50,neglognormal,0.25
101,63,5,100,neglognormal,0.125
102,93,6,50,lognormal,0.125
103,13,6,300,lognormal,1
104,111,3,50,uneven_discrete,0.125
105,138,3,300,lognormal,1
106,247,6,300,normal,0.25
107,196,3,50,normal,0.125
108,389,5,100,uneven_discrete,1
109,262,2,100,neglognormal,1
110,336,3,300,uneven_discrete,0.125
111,336,3,300,uneven_discrete,0.125
112,337,3,50,uniform,0.25
113,59,6,50,neglognormal,0.25
114,7,2,50,even_discrete,0.5
115,35,1,100,lognormal,0.5
116,159,6,50,lognormal,0.25
117,231,5,50,uniform,0.125
118,325,6,50,even_discrete,0.125
119,286,6,100,neglognormal,0.125
120,426,3,50,even_discrete,0.5
1,163,4,300,neglognormal,0.5
2,217,2,50,even_discrete,0.125
3,208,3,300,normal,0.125
4,333,5,50,lognormal,0.125
5,70,2,100,uniform,0.5
6,336,3,300,uneven_discrete,0.125
7,343,5,300,uneven_discrete,0.25
8,342,4,100,uniform,1
9,192,5,300,uniform,0.25
10,140,6,300,even_discrete,1
11,168,4,300,uniform,0.125
12,123,1,300,uneven_discrete,1
13,293,4,50,uniform,0.125
14,290,2,50,uniform,1
15,133,3,50,normal,1
16,195,4,50,neglognormal,0.125
17,267,6,50,neglognormal,0.5
18,152,6,100,lognormal,0.25
19,210,4,300,lognormal,1
20,274,2,100,lognormal,1
21,166,5,50,neglognormal,0.125
22,427,1,50,even_discrete,0.125
23,25,4,300,uniform,0.25
24,354,1,100,uneven_discrete,0.25
25,318,4,300,even_discrete,0.5
26,291,3,50,even_discrete,0.25
27,78,6,50,uniform,0.25
28,48,6,300,even_discrete,0.25
29,246,2,300,uneven_discrete,0.5
30,330,6,300,even_discrete,0.5
31,131,1,300,uneven_discrete,0.25
32,201,6,50,even_discrete,1
33,28,4,300,uneven_discrete,0.5
34,159,6,50,lognormal,0.25
35,283,4,50,uniform,0.25
36,216,5,300,lognormal,1
37,322,1,100,normal,1
38,376,5,100,uniform,0.5
39,93,6,50,lognormal,0.125
40,366,4,50,lognormal,0.25
41,414,4,100,lognormal,0.5
42,218,4,100,lognormal,0.125
43,322,1,100,normal,1
44,216,5,300,lognormal,1
45,249,5,50,normal,0.25
46,121,6,50,normal,0.125
47,257,4,50,normal,0.125
48,126,4,300,even_discrete,1
49,24,1,300,normal,0.5
50,360,1,50,neglognormal,0.25
51,295,3,100,uneven_discrete,1
52,283,4,50,uniform,0.25
53,75,1,300,neglognormal,0.25
54,290,2,50,uniform,1
55,126,4,300,even_discrete,1
56,153,4,50,uneven_discrete,0.125
57,294,5,300,lognormal,0.25
58,98,2,50,uniform,0.125
59,8,5,300,normal,0.125
60,324,2,100,lognormal,0.25
61,226,4,100,even_discrete,1
62,402,4,50,neglognormal,0.25
63,268,5,100,neglognormal,1
64,129,6,300,lognormal,0.125
65,188,5,50,neglognormal,1
66,21,2,50,even_discrete,1
67,255,2,100,uneven_discrete,1
68,228,2,300,uneven_discrete,1
69,68,1,100,lognormal,1
70,387,4,300,lognormal,0.125
71,378,3,100,uneven_discrete,0.5
72,386,1,100,normal,0.125
73,246,2,300,uneven_discrete,0.5
74,245,5,50,uniform,0.25
75,183,6,100,uniform,1
76,136,5,100,even_discrete,1
77,111,3,50,uneven_discrete,0.125
78,334,4,300,even_discrete,0.25
79,5,4,50,even_discrete,0.25
80,207,3,100,lognormal,0.25
81,430,1,100,neglognormal,0.125
82,407,4,300,uneven_discrete,0.125
83,278,2,300,lognormal,0.125
84,417,5,300,uneven_discrete,0.125
85,25,4,300,uniform,0.25
86,64,2,100,neglognormal,0.5
87,130,5,100,neglognormal,0.25
88,91,4,100,normal,0.25
89,201,6,50,even_discrete,1
90,406,1,300,even_discrete,0.25
91,87,4,50,lognormal,0.125
92,78,6,50,uniform,0.25
93,363,5,300,even_discrete,0.25
94,160,6,300,uneven_discrete,0.125
95,67,5,300,uneven_discrete,1
96,255,2,100,uneven_discrete,1
97,314,1,50,uneven_discrete,0.5
98,211,1,100,normal,0.5
99,312,1,50,uneven_discrete,0.125
100,428,5,50,even_discrete,1
101,312,1,50,uneven_discrete,0.125
102,281,3,100,normal,0.25
103,315,1,100,even_discrete,0.125
104,78,6,50,uniform,0.25
105,363,5,300,even_discrete,0.25
106,397,5,100,uniform,1
107,227,2,100,lognormal,0.5
108,247,6,300,normal,0.25
109,391,2,300,lognormal,0.25
110,126,4,300,even_discrete,1
111,330,6,300,even_discrete,0.5
112,222,6,100,uneven_discrete,0.125
113,122,5,100,lognormal,0.25
114,218,4,100,lognormal,0.125
115,86,6,300,neglognormal,0.25
116,199,3,50,uniform,0.125
117,390,6,50,neglognormal,1
118,253,1,50,lognormal,1
119,284,1,300,uneven_discrete,0.125
120,431,5,50,uniform,1
1,97,3,100,lognormal,1
2,417,5,300,uneven_discrete,0.125
3,124,5,300,uniform,1
4,113,3,50,uneven_discrete,0.25
5,237,6,100,lognormal,1
6,263,1,50,uniform,1
7,291,3,50,even_discrete,0.25
8,307,5,300,neglognormal,1
9,182,3,50,uneven_discrete,0.5
10,241,3,300,uniform,0.5
11,391,2,300,lognormal,0.25
12,3,2,300,even_discrete,0.5
13,81,6,50,normal,0.5
14,84,6,100,neglognormal,1
15,192,5,300,uniform,0.25
16,223,3,50,normal,0.5
17,394,5,300,uneven_discrete,0.5
18,5,4,50,even_discrete,0.25
19,280,3,100,even_discrete,0.125
20,235,4,100,neglognormal,0.5
21,103,5,300,lognormal,0.5
22,69,6,300,neglognormal,0.5
23,97,3,100,lognormal,1
24,56,2,50,normal,1
25,1,2,300,lognormal,1
26,65,1,300,lognormal,0.5
27,90,2,300,even_discrete,0.125
28,47,4,50,normal,0.25
29,361,4,50,uneven_discrete,0.25
30,232,1,50,even_discrete,0.25
31,415,3,50,even_discrete,1
32,67,5,300,uneven_discrete,1
33,400,6,100,normal,1
34,141,1,50,even_discrete,0.5
35,391,2,300,lognormal,0.25
36,269,1,300,neglognormal,0.125
37,431,5,50,uniform,1
38,324,2,100,lognormal,0.25
39,108,5,100,normal,0.125
40,178,3,50,neglognormal,0.125
41,169,2,300,even_discrete,0.25
42,306,1,50,even_discrete,1
43,222,6,100,uneven_discrete,0.125
44,173,4,50,even_discrete,0.5
45,240,4,50,uneven_discrete,0.5
46,308,2,100,uneven_discrete,0.125
47,394,5,300,uneven_discrete,0.5
48,282,4,100,uneven_discrete,0.125
49,88,2,50,neglognormal,1
50,96,3,300,neglognormal,0.125
51,264,6,100,uniform,0.25
52,38,3,100,even_discrete,0.5
53,124,5,300,uniform,1
54,285,4,300,uniform,0.5
55,127,2,50,uniform,0.5
56,367,5,100,lognormal,0.5
57,201,6,50,even_discrete,1
58,379,2,100,even_discrete,0.5
59,416,4,300,uniform,1
60,256,5,100,uneven_discrete,0.5
61,182,3,50,uneven_discrete,0.5
62,407,4,300,uneven_discrete,0.125
63,137,6,300,normal,0.125
64,102,2,100,normal,0.5
65,429,5,300,even_discrete,0.125
66,108,5,100,normal,0.125
67,285,4,300,uniform,0.5
68,288,5,50,normal,1
69,257,4,50,normal,0.125
70,169,2,300,even_discrete,0.25
71,221,5,300,neglognormal,0.125
72,302,4,300,normal,0.25
73,170,1,100,neglognormal,0.5
74,419,1,300,normal,1
75,318,4,300,even_discrete,0.5
76,79,2,100,neglognormal,0.25
77,81,6,50,normal,0.5
78,303,5,50,uneven_discrete,0.25
79,234,1,50,neglognormal,0.125
80,278,2,300,lognormal,0.125
81,155,4,300,uneven_discrete,0.25
82,266,2,100,even_discrete,1
83,33,3,300,normal,1
84,116,4,100,uneven_discrete,0.25
85,346,5,100,normal,1
86,190,1,100,normal,0.25
87,31,3,300,uneven_discrete,0.5
88,31,3,300,uneven_discrete,0.5
89,70,2,100,uniform,0.5
90,361,4,50,uneven_discrete,0.25
91,274,2,100,lognormal,1
92,393,3,100,lognormal,0.125
93,407,4,300,uneven_discrete,0.125
94,39,3,300,neglognormal,0.5
95,204,1,300,lognormal,0.25
96,219,3,300,normal,0.5
97,402,4,50,neglognormal,0.25
98,3,2,300,even_discrete,0.5
99,106,2,50,uniform,0.25
100,87,4,50,lognormal,0.125
101,159,6,50,lognormal,0.25
102,235,4,100,neglognormal,0.5
103,290,2,50,uniform,1
104,202,1,50,neglognormal,0.5
105,111,3,50,uneven_discrete,0.125
106,269,1,300,neglognormal,0.125
107,173,4,50,even_discrete,0.5
108,147,1,50,uniform,0.5
109,116,4,100,uneven_discrete,0.25
110,122,5,100,lognormal,0.25
111,257,4,50,normal,0.125
112,170,1,100,neglognormal,0.5
113,64,2,100,neglognormal,0.5
114,231,5,50,uniform,0.125
115,229,3,300,uniform,1
116,112,2,50,neglognormal,0.5
117,386,1,100,normal,0.125
118,183,6,100,uniform,1
119,188,5,50,neglognormal,1
120,123,1,300,uneven_discrete,1
1,390,6,50,neglognormal,1
2,362,1,100,uniform,1
3,282,4,100,uneven_discrete,0.125
4,256,5,100,uneven_discrete,0.5
5,33,3,300,normal,1
6,25,4,300,uniform,0.25
7,404,2,100,neglognormal,0.125
8,399,2,50,normal,0.5
9,323,5,50,normal,0.125
10,101,3,100,neglognormal,0.125
11,378,3,100,uneven_discrete,0.5
12,133,3,50,normal,1
13,242,1,100,uniform,0.25
14,154,1,100,lognormal,0.25
15,255,2,100,uneven_discrete,1
16,289,6,50,lognormal,1
17,95,1,50,normal,0.125
18,51,6,50,uniform,1
19,72,1,300,uniform,0.5
20,417,5,300,uneven_discrete,0.125
21,290,2,50,uniform,1
22,357,2,300,uneven_discrete,0.125
23,190,1,100,normal,0.25
24,272,2,300,uniform,0.25
25,82,6,50,uneven_discrete,0.125
26,128,4,300,uneven_discrete,1
27,88,2,50,neglognormal,1
28,224,3,100,uniform,0.125
29,419,1,300,normal,1
30,264,6,100,uniform,0.25
31,342,4,100,uniform,1
32,113,3,50,uneven_discrete,0.25
33,143,3,100,neglognormal,0.5
34,257,4,50,normal,0.125
35,297,3,300,uniform,0.125
36,121,6,50,normal,0.125
37,392,5,100,lognormal,0.125
38,279,4,300,neglognormal,1
39,301,6,100,even_discrete,0.25
40,203,1,100,neglognormal,1
41,299,4,300,normal,0.125
42,4,6,300,normal,0.5
43,279,4,300,neglognormal,1
44,36,2,50,normal,0.25
45,344,3,300,even_discrete,0.25
46,367,5,100,lognormal,0.5
47,215,2,50,neglognormal,0.25
48,289,6,50,lognormal,1
49,405,5,100,uniform,0.25
50,300,4,100,normal,0.5
51,92,5,50,neglognormal,0.5
52,369,1,50,lognormal,0.5
53,323,5,50,normal,0.125
54,314,1,50,uneven_discrete,0.5
55,113,3,50,uneven_discrete,0.25
56,321,2,300,neglognormal,0.25
57,430,1,100,neglognormal,0.125
58,138,3,300,lognormal,1
59,330,6,300,even_discrete,0.5
60,244,1,50,neglognormal,1
61,372,2,50,even_discrete,0.25
62,403,3,100,normal,0.5
63,379,2,100,even_discrete,0.5
64,254,3,300,uniform,0.25
65,293,4,50,uniform,0.125
66,157,4,50,lognormal,0.5
67,250,1,300,normal,0.25
68,247,6,300,normal,0.25
69,425,5,300,uniform,0.5
70,99,5,50,lognormal,1
71,118,5,50,even_discrete,0.5
72,98,2,50,uniform,0.125
73,387,4,300,lognormal,0.125
74,136,5,100,even_discrete,1
75,381,2,300,normal,0.125
76,212,3,300,even_discrete,0.5
77,258,5,50,neglognormal,0.25
78,253,1,50,lognormal,1
79,398,3,300,lognormal,0.125
80,400,6,100,normal,1
81,290,2,50,uniform,1
82,15,5,300,neglognormal,0.5
83,338,1,50,normal,0.25
84,416,4,300,uniform,1
85,6,2,300,neglognormal,0.125
86,94,6,300,neglognormal,1
87,139,4,300,even_discrete,0.125
88,61,1,100,uniform,0.5
89,132,5,50,lognormal,0.25
90,297,3,300,uniform,0.125
91,141,1,50,even_discrete,0.5
92,426,3,50,even_discrete,0.5
93,411,5,100,neglognormal,0.5
94,56,2,50,normal,1
95,400,6,100,normal,1
96,242,1,100,uniform,0.25
97,100,2,300,neglognormal,1
98,306,1,50,even_discrete,1
99,381,2,300,normal,0.125
100,120,1,300,uniform,0.125
101,88,2,50,neglognormal,1
102,54,6,100,even_discrete,1
103,413,3,300,uneven_discrete,0.25
104,238,6,100,lognormal,0.5
105,260,4,300,neglognormal,0.125
106,324,2,100,lognormal,0.25
107,120,1,300,uniform,0.125
108,41,1,100,even_discrete,0.25
109,39,3,300,neglognormal,0.5
110,42,6,100,uniform,0.5
111,332,2,300,normal,0.25
112,109,5,100,even_discrete,0.25
113,352,4,50,uneven_discrete,1
114,79,2,100,neglognormal,0.25
115,231,5,50,uniform,0.125
116,318,4,300,even_discrete,0.5
117,119,5,300,normal,1
118,220,1,300,uneven_discrete,0.5
119,35,1,100,lognormal,0.5
120,186,1,50,lognormal,0.25
1,344,3,300,even_discrete,0.25
2,390,6,50,neglognormal,1
3,163,4,300,neglognormal,0.5
4,66,4,50,normal,1
5,234,1,50,neglognormal,0.125
6,195,4,50,neglognormal,0.125
7,53,4,300,lognormal,0.25
8,169,2,300,even_discrete,0.25
9,289,6,50,lognormal,1
10,374,4,100,uneven_discrete,1
11,237,6,100,lognormal,1
12,76,4,100,normal,0.125
13,180,1,50,uneven_discrete,1
14,25,4,300,uniform,0.25
15,366,4,50,lognormal,0.25
16,326,3,100,even_discrete,0.25
17,26,2,100,normal,0.25
18,347,5,300,normal,0.5
19,268,5,100,neglognormal,1
20,251,1,100,uniform,0.125
21,418,6,100,neglognormal,0.5
22,421,3,50,lognormal,0.5
23,239,6,50,even_discrete,0.5
24,427,1,50,even_discrete,0.125
25,421,3,50,lognormal,0.5
26,85,2,100,uniform,0.25
27,213,1,100,even_discrete,1
28,49,6,100,uneven_discrete,1
29,136,5,100,even_discrete,1
30,259,4,50,neglognormal,1
31,198,2,50,lognormal,0.25
32,319,2,300,neglognormal,0.5
33,2,5,100,uneven_discrete,0.125
34,411,5,100,neglognormal,0.5
35,234,1,50,neglognormal,0.125
36,91,4,100,normal,0.25
37,18,1,300,even_discrete,0.5
38,99,5,50,lognormal,1
39,420,3,50,neglognormal,0.5
40,308,2,100,uneven_discrete,0.125
41,410,5,100,normal,0.25
42,124,5,300,uniform,1
43,113,3,50,uneven_discrete,0.25
44,11,4,100,neglognormal,0.125
45,4,6,300,normal,0.5
46,272,2,300,uniform,0.25
47,110,2,300,uniform,0.125
48,72,1,300,uniform,0.5
49,230,3,50,lognormal,0.25
50,48,6,300,even_discrete,0.25
51,248,4,50,uniform,1
52,430,1,100,neglognormal,0.125
53,237,6,100,lognormal,1
54,9,3,100,uneven_discrete,0.125
55,6,2,300,neglognormal,0.125
56,396,1,100,uneven_discrete,1
57,85,2,100,uniform,0.25
58,424,6,50,normal,0.25
59,55,6,50,uneven_discrete,1
60,161,3,100,normal,1
61,225,1,300,normal,0.125
62,58,6,50,normal,1
63,220,1,300,uneven_discrete,0.5
64,2,5,100,uneven_discrete,0.125
65,369,1,50,lognormal,0.5
66,245,5,50,uniform,0.25
67,12,3,50,even_discrete,0.125
68,420,3,50,neglognormal,0.5
69,359,3,50,uneven_discrete,1
70,52,5,100,uniform,0.125
71,154,1,100,lognormal,0.25
72,426,3,50,even_discrete,0.5
73,412,1,50,uneven_discrete,0.25
74,384,4,50,even_discrete,0.125
75,91,4,100,normal,0.25
76,128,4,300,uneven_discrete,1
77,430,1,100,neglognormal,0.125
78,376,5,100,uniform,0.5
79,15,5,300,neglognormal,0.5
80,263,1,50,uniform,1
81,152,6,100,lognormal,0.25
82,99,5,50,lognormal,1
83,84,6,100,neglognormal,1
84,245,5,50,uniform,0.25
85,414,4,100,lognormal,0.5
86,2,5,100,uneven_discrete,0.125
87,106,2,50,uniform,0.25
88,45,6,50,neglognormal,0.125
89,260,4,300,neglognormal,0.125
90,102,2,100,normal,0.5
91,29,1,300,neglognormal,1
92,429,5,300,even_discrete,0.125
93,158,3,50,uniform,1
94,146,5,300,even_discrete,1
95,239,6,50,even_discrete,0.5
96,179,6,100,lognormal,0.125
97,201,6,50,even_discrete,1
98,224,3,100,uniform,0.125
99,216,5,300,lognormal,1
100,298,3,300,even_discrete,0.125
101,43,6,100,uneven_discrete,0.5
102,298,3,300,even_discrete,0.125
103,227,2,100,lognormal,0.5
104,342,4,100,uniform,1
105,311,5,50,lognormal,0.5
106,173,4,50,even_discrete,0.5
107,44,6,100,neglognormal,0.25
108,418,6,100,neglognormal,0.5
109,158,3,50,uniform,1
110,188,5,50,neglognormal,1
111,22,2,50,lognormal,1
112,341,2,300,normal,0.5
113,147,1,50,uniform,0.5
114,347,5,300,normal,0.5
115,280,3,100,even_discrete,0.125
116,67,5,300,uneven_discrete,1
117,230,3,50,lognormal,0.25
118,96,3,300,neglognormal,0.125
119,30,2,100,uniform,1
120,373,2,300,lognormal,0.5
1,129,6,300,lognormal,0.125
2,75,1,300,neglognormal,0.25
3,193,6,100,normal,0.25
4,90,2,300,even_discrete,0.125
5,363,5,300,even_discrete,0.25
6,190,1,100,normal,0.25
7,371,5,100,lognormal,1
8,193,6,100,normal,0.25
9,193,6,100,normal,0.25
10,112,2,50,neglognormal,0.5
11,197,3,50,neglognormal,0.25
12,242,1,100,uniform,0.25
13,155,4,300,uneven_discrete,0.25
14,258,5,50,neglognormal,0.25
15,185,4,300,normal,0.5
16,284,1,300,uneven_discrete,0.125
17,21,2,50,even_discrete,1
18,11,4,100,neglognormal,0.125
19,197,3,50,neglognormal,0.25
20,337,3,50,uniform,0.25
21,168,4,300,uniform,0.125
22,351,4,100,neglognormal,1
23,6,2,300,neglognormal,0.125
24,63,5,100,neglognormal,0.125
25,154,1,100,lognormal,0.25
26,327,6,300,even_discrete,0.125
27,116,4,100,uneven_discrete,0.25
28,209,5,50,uneven_discrete,0.125
29,414,4,100,lognormal,0.5
30,168,4,300,uniform,0.125
31,143,3,100,neglognormal,0.5
32,405,5,100,uniform,0.25
33,254,3,300,uniform,0.25
34,169,2,300,even_discrete,0.25
35,77,4,100,lognormal,1
36,143,3,100,neglognormal,0.5
37,223,3,50,normal,0.5
38,76,4,100,normal,0.125
39,265,4,300,lognormal,0.5
40,232,1,50,even_discrete,0.25
41,226,4,100,even_discrete,1
42,242,1,100,uniform,0.25
43,48,6,300,even_discrete,0.25
44,207,3,100,lognormal,0.25
45,136,5,100,even_discrete,1
46,212,3,300,even_discrete,0.5
47,179,6,100,lognormal,0.125
48,301,6,100,even_discrete,0.25
49,129,6,300,lognormal,0.125
50,135,3,50,lognormal,1
51,18,1,300,even_discrete,0.5
52,138,3,300,lognormal,1
53,174,3,300,normal,0.25
54,44,6,100,neglognormal,0.25
55,236,3,100,uniform,1
56,186,1,50,lognormal,0.25
57,175,1,300,uniform,1
58,286,6,100,neglognormal,0.125
59,177,3,100,neglognormal,0.25
60,413,3,300,uneven_discrete,0.25
61,2,5,100,uneven_discrete,0.125
62,301,6,100,even_discrete,0.25
63,138,3,300,lognormal,1
64,265,4,300,lognormal,0.5
65,200,4,300,neglognormal,0.25
66,29,1,300,neglognormal,1
67,52,5,100,uniform,0.125
68,61,1,100,uniform,0.5
69,60,2,300,uneven_discrete,0.25
70,59,6,50,neglognormal,0.25
71,51,6,50,uniform,1
72,331,3,100,neglognormal,1
73,289,6,50,lognormal,1
74,340,6,300,uniform,0.5
75,310,6,50,lognormal,0.5
76,56,2,50,normal,1
77,53,4,300,lognormal,0.25
78,160,6,300,uneven_discrete,0.125
79,26,2,100,normal,0.25
80,406,1,300,even_discrete,0.25
81,332,2,300,normal,0.25
82,80,3,100,uneven_discrete,0.25
83,199,3,50,uniform,0.125
84,341,2,300,normal,0.5
85,55,6,50,uneven_discrete,1
86,369,1,50,lognormal,0.5
87,206,6,100,uneven_discrete,0.25
88,416,4,300,uniform,1
89,179,6,100,lognormal,0.125
90,353,6,100,even_discrete,0.125
91,303,5,50,uneven_discrete,0.25
92,351,4,100,neglognormal,1
93,47,4,50,normal,0.25
94,423,5,100,uneven_discrete,0.25
95,63,5,100,neglognormal,0.125
96,306,1,50,even_discrete,1
97,139,4,300,even_discrete,0.125
98,413,3,300,uneven_discrete,0.25
99,44,6,100,neglognormal,0.25
100,91,4,100,normal,0.25
101,250,1,300,normal,0.25
102,228,2,300,uneven_discrete,1
103,193,6,100,normal,0.25
104,326,3,100,even_discrete,0.25
105,30,2,100,uniform,1
106,209,5,50,uneven_discrete,0.125
107,335,5,50,uneven_discrete,1
108,260,4,300,neglognormal,0.125
109,168,4,300,uniform,0.125
110,315,1,100,even_discrete,0.125
111,187,1,100,uneven_discrete,0.5
112,306,1,50,even_discrete,1
113,419,1,300,normal,1
114,390,6,50,neglognormal,1
115,318,4,300,even_discrete,0.5
116,61,1,100,uniform,0.5
117,285,4,300,uniform,0.5
118,117,5,100,even_discrete,0.5
119,287,3,300,lognormal,0.25
120,45,6,50,neglognormal,0.125
1,355,2,300,uniform,1
2,212,3,300,even_discrete,0.5
3,186,1,50,lognormal,0.25
4,263,1,50,uniform,1
5,50,4,50,even_discrete,1
6,330,6,300,even_discrete,0.5
7,259,4,50,neglognormal,1
8,164,1,300,lognormal,1
9,391,2,300,lognormal,0.25
10,103,5,300,lognormal,0.5
11,146,5,300,even_discrete,1
12,54,6,100,even_discrete,1
13,410,5,100,normal,0.25
14,226,4,100,even_discrete,1
15,267,6,50,neglognormal,0.5
16,170,1,100,neglognormal,0.5
17,265,4,300,lognormal,0.5
18,120,1,300,uniform,0.125
19,173,4,50,even_discrete,0.5
20,140,6,300,even_discrete,1
21,190,1,100,normal,0.25
22,8,5,300,normal,0.125
23,423,5,100,uneven_discrete,0.25
24,356,6,50,uniform,0.5
25,192,5,300,uniform,0.25
26,412,1,50,uneven_discrete,0.25
27,418,6,100,neglognormal,0.5
28,364,3,300,neglognormal,0.25
29,241,3,300,uniform,0.5
30,174,3,300,normal,0.25
31,20,6,300,lognormal,0.5
32,331,3,100,neglognormal,1
33,409,4,100,even_discrete,0.125
34,14,3,100,uniform,0.25
35,15,5,300,neglognormal,0.5
36,238,6,100,lognormal,0.5
37,104,3,100,even_discrete,1
38,41,1,100,even_discrete,0.25
39,110,2,300,uniform,0.125
40,34,3,100,lognormal,0.5
41,69,6,300,neglognormal,0.5
42,49,6,100,uneven_discrete,1
43,62,3,100,uniform,0.5
44,55,6,50,uneven_discrete,1
45,120,1,300,uniform,0.125
46,177,3,100,neglognormal,0.25
47,161,3,100,normal,1
48,208,3,300,normal,0.125
49,150,4,50,uniform,0.5
50,110,2,300,uniform,0.125
51,76,4,100,normal,0.125
52,365,6,300,uneven_discrete,0.5
53,180,1,50,uneven_discrete,1
54,164,1,300,lognormal,1
55,392,5,100,lognormal,0.125
56,192,5,300,uniform,0.25
57,179,6,100,lognormal,0.125
58,14,3,100,uniform,0.25
59,147,1,50,uniform,0.5
60,409,4,100,even_discrete,0.125
61,184,6,300,uniform,1
62,292,1,50,lognormal,0.125
63,157,4,50,lognormal,0.5
64,147,1,50,uniform,0.5
65,1,2,300,lognormal,1
66,178,3,50,neglognormal,0.125
67,383,1,100,even_discrete,0.5
68,7,2,50,even_discrete,0.5
69,266,2,100,even_discrete,1
70,131,1,300,uneven_discrete,0.25
71,85,2,100,uniform,0.25
72,429,5,300,even_discrete,0.125
73,26,2,100,normal,0.25
74,196,3,50,normal,0.125
75,182,3,50,uneven_discrete,0.5
76,51,6,50,uniform,1
77,94,6,300,neglognormal,1
78,315,1,100,even_discrete,0.125
79,357,2,300,uneven_discrete,0.125
80,117,5,100,even_discrete,0.5
81,239,6,50,even_discrete,0.5
82,351,4,100,neglognormal,1
83,407,4,300,uneven_discrete,0.125
84,215,2,50,neglognormal,0.25
85,383,1,100,even_discrete,0.5
86,194,3,50,uniform,0.5
87,415,3,50,even_discrete,1
88,391,2,300,lognormal,0.25
89,240,4,50,uneven_discrete,0.5
90,396,1,100,uneven_discrete,1
91,270,6,50,uniform,0.125
92,187,1,100,uneven_discrete,0.5
93,20,6,300,lognormal,0.5
94,356,6,50,uniform,0.5
95,208,3,300,normal,0.125
96,108,5,100,normal,0.125
97,425,5,300,uniform,0.5
98,310,6,50,lognormal,0.5
99,191,5,50,even_discrete,0.125
100,385,2,100,uneven_discrete,0.25
101,38,3,100,even_discrete,0.5
102,75,1,300,neglognormal,0.25
103,309,5,300,even_discrete,0.5
104,22,2,50,lognormal,1
105,95,1,50,normal,0.125
106,155,4,300,uneven_discrete,0.25
107,236,3,100,uniform,1
108,393,3,100,lognormal,0.125
109,338,1,50,normal,0.25
110,278,2,300,lognormal,0.125
111,345,5,50,even_discrete,0.25
112,432,2,50,neglognormal,0.125
113,300,4,100,normal,0.5
114,412,1,50,uneven_discrete,0.25
115,250,1,300,normal,0.25
116,23,6,100,normal,0.125
117,266,2,100,even_discrete,1
118,47,4,50,normal,0.25
119,341,2,300,normal,0.5
120,224,3,100,uniform,0.125
1,405,5,100,uniform,0.25
2,385,2,100,uneven_discrete,0.25
3,129,6,300,lognormal,0.125
4,275,6,100,normal,0.5
5,168,4,300,uniform,0.125
6,130,5,100,neglognormal,0.25
7,114,6,300,normal,1
8,55,6,50,uneven_discrete,1
9,127,2,50,uniform,0.5
10,173,4,50,even_discrete,0.5
11,205,4,50,normal,0.5
12,93,6,50,lognormal,0.125
13,88,2,50,neglognormal,1
14,196,3,50,normal,0.125
15,131,1,300,uneven_discrete,0.25
16,149,2,50,uneven_discrete,0.25
17,337,3,50,uniform,0.25
18,196,3,50,normal,0.125
19,26,2,100,normal,0.25
20,295,3,100,uneven_discrete,1
21,361,4,50,uneven_discrete,0.25
22,431,5,50,uniform,1
23,384,4,50,even_discrete,0.125
24,165,3,300,lognormal,0.5
25,372,2,50,even_discrete,0.25
26,76,4,100,normal,0.125
27,133,3,50,normal,1
28,244,1,50,neglognormal,1
29,79,2,100,neglognormal,0.25
30,211,1,100,normal,0.5
31,277,1,50,normal,1
32,186,1,50,lognormal,0.25
33,22,2,50,lognormal,1
34,365,6,300,uneven_discrete,0.5
35,21,2,50,even_discrete,1
36,407,4,300,uneven_discrete,0.125
37,82,6,50,uneven_discrete,0.125
38,316,6,300,uniform,0.125
39,11,4,100,neglognormal,0.125
40,8,5,300,normal,0.125
41,359,3,50,uneven_discrete,1
42,60,2,300,uneven_discrete,0.25
43,399,2,50,normal,0.5
44,48,6,300,even_discrete,0.25
45,106,2,50,uniform,0.25
46,358,4,50,lognormal,1
47,380,4,100,uniform,0.25
48,246,2,300,uneven_discrete,0.5
49,146,5,300,even_discrete,1
50,356,6,50,uniform,0.5
51,203,1,100,neglognormal,1
52,325,6,50,even_discrete,0.125
53,78,6,50,uniform,0.25
54,332,2,300,normal,0.25
55,118,5,50,even_discrete,0.5
56,286,6,100,neglognormal,0.125
57,361,4,50,uneven_discrete,0.25
58,311,5,50,lognormal,0.5
59,217,2,50,even_discrete,0.125
60,249,5,50,normal,0.25
61,227,2,100,lognormal,0.5
62,287,3,300,lognormal,0.25
63,42,6,100,uniform,0.5
64,60,2,300,uneven_discrete,0.25
65,82,6,50,uneven_discrete,0.125
66,278,2,300,lognormal,0.125
67,103,5,300,lognormal,0.5
68,282,4,100,uneven_discrete,0.125
69,279,4,300,neglognormal,1
70,208,3,300,normal,0.125
71,172,2,300,even_discrete,1
72,153,4,50,uneven_discrete,0.125
73,426,3,50,even_discrete,0.5
74,331,3,100,neglognormal,1
75,115,1,100,uneven_discrete,0.125
76,80,3,100,uneven_discrete,0.25
77,98,2,50,uniform,0.125
78,229,3,300,uniform,1
79,158,3,50,uniform,1
80,166,5,50,neglognormal,0.125
81,164,1,300,lognormal,1
82,370,1,50,uniform,0.125
83,68,1,100,lognormal,1
84,19,6,300,neglognormal,0.125
85,417,5,300,uneven_discrete,0.125
86,413,3,300,uneven_discrete,0.25
87,68,1,100,lognormal,1
88,4,6,300,normal,0.5
89,10,1,50,uniform,0.25
90,78,6,50,uniform,0.25
91,326,3,100,even_discrete,0.25
92,432,2,50,neglognormal,0.125
93,110,2,300,uniform,0.125
94,387,4,300,lognormal,0.125
95,62,3,100,uniform,0.5
96,267,6,50,neglognormal,0.5
97,198,2,50,lognormal,0.25
98,150,4,50,uniform,0.5
99,184,6,300,uniform,1
100,127,2,50,uniform,0.5
101,373,2,300,lognormal,0.5
102,371,5,100,lognormal,1
103,389,5,100,uneven_discrete,1
104,417,5,300,uneven_discrete,0.125
105,203,1,100,neglognormal,1
106,399,2,50,normal,0.5
107,186,1,50,lognormal,0.25
108,198,2,50,lognormal,0.25
109,114,6,300,normal,1
110,121,6,50,normal,0.125
111,382,5,300,uniform,0.125
112,204,1,300,lognormal,0.25
113,415,3,50,even_discrete,1
114,160,6,300,uneven_discrete,0.125
115,46,2,100,normal,1
116,274,2,100,lognormal,1
117,352,4,50,uneven_discrete,1
118,295,3,100,uneven_discrete,1
119,116,4,100,uneven_discrete,0.25
120,423,5,100,uneven_discrete,0.25
1,191,5,50,even_discrete,0.125
2,137,6,300,normal,0.125
3,359,3,50,uneven_discrete,1
4,83,6,50,even_discrete,0.25
5,149,2,50,uneven_discrete,0.25
6,89,6,50,uneven_discrete,0.25
7,264,6,100,uniform,0.25
8,34,3,100,lognormal,0.5
9,244,1,50,neglognormal,1
10,97,3,100,lognormal,1
11,410,5,100,normal,0.25
12,382,5,300,uniform,0.125
13,96,3,300,neglognormal,0.125
14,212,3,300,even_discrete,0.5
15,398,3,300,lognormal,0.125
16,107,2,300,uniform,0.5
17,371,5,100,lognormal,1
18,276,3,300,uneven_discrete,1
19,394,5,300,uneven_discrete,0.5
20,87,4,50,lognormal,0.125
21,348,2,100,even_discrete,0.125
22,187,1,100,uneven_discrete,0.5
23,31,3,300,uneven_discrete,0.5
24,300,4,100,normal,0.5
25,40,3,100,normal,0.125
26,100,2,300,neglognormal,1
27,52,5,100,uniform,0.125
28,383,1,100,even_discrete,0.5
29,94,6,300,neglognormal,1
30,408,5,300,neglognormal,0.25
31,348,2,100,even_discrete,0.125
32,129,6,300,lognormal,0.125
33,105,1,300,even_discrete,1
34,209,5,50,uneven_discrete,0.125
35,80,3,100,uneven_discrete,0.25
36,372,2,50,even_discrete,0.25
37,351,4,100,neglognormal,1
38,277,1,50,normal,1
39,149,2,50,uneven_discrete,0.25
40,340,6,300,uniform,0.5
41,287,3,300,lognormal,0.25
42,339,2,50,normal,0.125
43,120,1,300,uniform,0.125
44,373,2,300,lognormal,0.5
45,152,6,100,lognormal,0.25
46,260,4,300,neglognormal,0.125
47,250,1,300,normal,0.25
48,197,3,50,neglognormal,0.25
49,400,6,100,normal,1
50,396,1,100,uneven_discrete,1
51,377,3,50,lognormal,0.125
52,304,5,100,normal,0.5
53,282,4,100,uneven_discrete,0.125
54,271,3,300,neglognormal,1
55,418,6,100,neglognormal,0.5
56,12,3,50,even_discrete,0.125
57,197,3,50,neglognormal,0.25
58,185,4,300,normal,0.5
59,398,3,300,lognormal,0.125
60,340,6,300,uniform,0.5
61,244,1,50,neglognormal,1
62,63,5,100,neglognormal,0.125
63,429,5,300,even_discrete,0.125
64,44,6,100,neglognormal,0.25
65,213,1,100,even_discrete,1
66,295,3,100,uneven_discrete,1
67,358,4,50,lognormal,1
68,254,3,300,uniform,0.25
69,83,6,50,even_discrete,0.25
70,194,3,50,uniform,0.5
71,95,1,50,normal,0.125
72,423,5,100,uneven_discrete,0.25
73,307,5,300,neglognormal,1
74,128,4,300,uneven_discrete,1
75,364,3,300,neglognormal,0.25
76,221,5,300,neglognormal,0.125
77,350,1,300,uniform,0.25
78,373,2,300,lognormal,0.5
79,172,2,300,even_discrete,1
80,86,6,300,neglognormal,0.25
81,14,3,100,uniform,0.25
82,196,3,50,normal,0.125
83,335,5,50,uneven_discrete,1
84,396,1,100,uneven_discrete,1
85,177,3,100,neglognormal,0.25
86,301,6,100,even_discrete,0.25
87,100,2,300,neglognormal,1
88,428,5,50,even_discrete,1
89,304,5,100,normal,0.5
90,221,5,300,neglognormal,0.125
91,8,5,300,normal,0.125
92,303,5,50,uneven_discrete,0.25
93,207,3,100,lognormal,0.25
94,250,1,300,normal,0.25
95,153,4,50,uneven_discrete,0.125
96,153,4,50,uneven_discrete,0.125
97,371,5,100,lognormal,1
98,299,4,300,normal,0.125
99,39,3,300,neglognormal,0.5
100,137,6,300,normal,0.125
101,145,4,100,normal,1
102,362,1,100,uniform,1
103,32,4,100,uniform,0.125
104,130,5,100,neglognormal,0.25
105,246,2,300,uneven_discrete,0.5
106,280,3,100,even_discrete,0.125
107,172,2,300,even_discrete,1
108,172,2,300,even_discrete,1
109,309,5,300,even_discrete,0.5
110,161,3,100,normal,1
111,418,6,100,neglognormal,0.5
112,161,3,100,normal,1
113,368,2,50,lognormal,0.125
114,416,4,300,uniform,1
115,352,4,50,uneven_discrete,1
116,174,3,300,normal,0.25
117,43,6,100,uneven_discrete,0.5
118,218,4,100,lognormal,0.125
119,382,5,300,uniform,0.125
120,46,2,100,normal,1
1,261,1,50,normal,0.5
2,207,3,100,lognormal,0.25
3,262,2,100,neglognormal,1
4,96,3,300,neglognormal,0.125
5,2,5,100,uneven_discrete,0.125
6,348,2,100,even_discrete,0.125
7,105,1,300,even_discrete,1
8,364,3,300,neglognormal,0.25
9,167,4,100,uneven_discrete,0.5
10,52,5,100,uniform,0.125
11,252,1,100,lognormal,0.125
12,144,5,50,normal,0.5
13,3,2,300,even_discrete,0.5
14,160,6,300,uneven_discrete,0.125
15,194,3,50,uniform,0.5
16,191,5,50,even_discrete,0.125
17,361,4,50,uneven_discrete,0.25
18,136,5,100,even_discrete,1
19,89,6,50,uneven_discrete,0.25
20,332,2,300,normal,0.25
21,328,3,300,even_discrete,1
22,328,3,300,even_discrete,1
23,326,3,100,even_discrete,0.25
24,152,6,100,lognormal,0.25
25,256,5,100,uneven_discrete,0.5
26,166,5,50,neglognormal,0.125
27,294,5,300,lognormal,0.25
28,350,1,300,uniform,0.25
29,83,6,50,even_discrete,0.25
30,377,3,50,lognormal,0.125
31,389,5,100,uneven_discrete,1
32,217,2,50,even_discrete,0.125
33,20,6,300,lognormal,0.5
34,77,4,100,lognormal,1
35,18,1,300,even_discrete,0.5
36,328,3,300,even_discrete,1
37,155,4,300,uneven_discrete,0.25
38,89,6,50,uneven_discrete,0.25
39,307,5,300,neglognormal,1
40,89,6,50,uneven_discrete,0.25
41,206,6,100,uneven_discrete,0.25
42,209,5,50,uneven_discrete,0.125
43,87,4,50,lognormal,0.125
44,74,5,50,uniform,0.5
45,228,2,300,uneven_discrete,1
46,314,1,50,uneven_discrete,0.5
47,99,5,50,lognormal,1
48,203,1,100,neglognormal,1
49,409,4,100,even_discrete,0.125
50,385,2,100,uneven_discrete,0.25
51,343,5,300,uneven_discrete,0.25
52,107,2,300,uniform,0.5
53,421,3,50,lognormal,0.5
54,93,6,50,lognormal,0.125
55,302,4,300,normal,0.25
56,161,3,100,normal,1
57,299,4,300,normal,0.125
58,343,5,300,uneven_discrete,0.25
59,411,5,100,neglognormal,0.5
60,83,6,50,even_discrete,0.25
61,424,6,50,normal,0.25
62,383,1,100,even_discrete,0.5
63,145,4,100,normal,1
64,118,5,50,even_discrete,0.5
65,273,3,50,normal,0.25
66,41,1,100,even_discrete,0.25
67,284,1,300,uneven_discrete,0.125
68,358,4,50,lognormal,1
69,370,1,50,uniform,0.125
70,46,2,100,normal,1
71,310,6,50,lognormal,0.5
72,175,1,300,uniform,1
73,74,5,50,uniform,0.5
74,202,1,50,neglognormal,0.5
75,350,1,300,uniform,0.25
76,292,1,50,lognormal,0.125
77,50,4,50,even_discrete,1
78,26,2,100,normal,0.25
79,42,6,100,uniform,0.5
80,17,2,100,uneven_discrete,0.5
81,359,3,50,uneven_discrete,1
82,3,2,300,even_discrete,0.5
83,285,4,300,uniform,0.5
84,398,3,300,lognormal,0.125
85,127,2,50,uniform,0.5
86,397,5,100,uniform,1
87,425,5,300,uniform,0.5
88,64,2,100,neglognormal,0.5
89,336,3,300,uneven_discrete,0.125
90,420,3,50,neglognormal,0.5
91,165,3,300,lognormal,0.5
92,265,4,300,lognormal,0.5
93,46,2,100,normal,1
94,166,5,50,neglognormal,0.125
95,105,1,300,even_discrete,1
96,313,4,100,neglognormal,0.25
97,275,6,100,normal,0.5
98,19,6,300,neglognormal,0.125
99,32,4,100,uniform,0.125
100,238,6,100,lognormal,0.5
101,158,3,50,uniform,1
102,221,5,300,neglognormal,0.125
103,360,1,50,neglognormal,0.25
104,3,2,300,even_discrete,0.5
105,171,6,100,even_discrete,0.5
106,253,1,50,lognormal,1
107,218,4,100,lognormal,0.125
108,382,5,300,uniform,0.125
109,82,6,50,uneven_discrete,0.125
110,350,1,300,uniform,0.25
111,104,3,100,even_discrete,1
112,218,4,100,lognormal,0.125
113,309,5,300,even_discrete,0.5
114,40,3,100,normal,0.125
115,432,2,50,neglognormal,0.125
116,232,1,50,even_discrete,0.25
117,387,4,300,lognormal,0.125
118,382,5,300,uniform,0.125
119,358,4,50,lognormal,1
120,205,4,50,normal,0.5
1,145,4,100,normal,1
2,233,2,300,normal,1
3,334,4,300,even_discrete,0.25
4,27,1,100,neglognormal,0.25
5,69,6,300,neglognormal,0.5
6,333,5,50,lognormal,0.125
7,9,3,100,uneven_discrete,0.125
8,10,1,50,uniform,0.25
9,404,2,100,neglognormal,0.125
10,350,1,300,uniform,0.25
11,148,2,50,uneven_discrete,1
12,334,4,300,even_discrete,0.25
13,353,6,100,even_discrete,0.125
14,135,3,50,lognormal,1
15,372,2,50,even_discrete,0.25
16,397,5,100,uniform,1
17,316,6,300,uniform,0.125
18,202,1,50,neglognormal,0.5
19,276,3,300,uneven_discrete,1
20,23,6,100,normal,0.125
21,284,1,300,uneven_discrete,0.125
22,424,6,50,normal,0.25
23,370,1,50,uniform,0.125
24,178,3,50,neglognormal,0.125
25,248,4,50,uniform,1
26,256,5,100,uneven_discrete,0.5
27,358,4,50,lognormal,1
28,403,3,100,normal,0.5
29,144,5,50,normal,0.5
30,149,2,50,uneven_discrete,0.25
31,408,5,300,neglognormal,0.25
32,248,4,50,uniform,1
33,261,1,50,normal,0.5
34,150,4,50,uniform,0.5
35,335,5,50,uneven_discrete,1
36,74,5,50,uniform,0.5
37,198,2,50,lognormal,0.25
38,328,3,300,even_discrete,1
39,80,3,100,uneven_discrete,0.25
40,139,4,300,even_discrete,0.125
41,62,3,100,uniform,0.5
42,302,4,300,normal,0.25
43,410,5,100,normal,0.25
44,362,1,100,uniform,1
45,411,5,100,neglognormal,0.5
46,362,1,100,uniform,1
47,148,2,50,uneven_discrete,1
48,74,5,50,uniform,0.5
49,128,4,300,uneven_discrete,1
50,92,5,50,neglognormal,0.5
51,233,2,300,normal,1
52,299,4,300,normal,0.125
53,134,4,300,normal,1
54,329,4,100,lognormal,0.25
55,228,2,300,uneven_discrete,1
56,18,1,300,even_discrete,0.5
57,304,5,100,normal,0.5
58,232,1,50,even_discrete,0.25
59,262,2,100,neglognormal,1
60,185,4,300,normal,0.5
61,185,4,300,normal,0.5
62,16,2,50,lognormal,0.5
63,148,2,50,uneven_discrete,1
64,328,3,300,even_discrete,1
65,376,5,100,uniform,0.5
66,261,1,50,normal,0.5
67,254,3,300,uniform,0.25
68,375,5,300,lognormal,0.125
69,304,5,100,normal,0.5
70,315,1,100,even_discrete,0.125
71,203,1,100,neglognormal,1
72,77,4,100,lognormal,1
73,409,4,100,even_discrete,0.125
74,252,1,100,lognormal,0.125
75,52,5,100,uniform,0.125
76,24,1,300,normal,0.5
77,206,6,100,uneven_discrete,0.25
78,87,4,50,lognormal,0.125
79,383,1,100,even_discrete,0.5
80,302,4,300,normal,0.25
81,317,4,50,neglognormal,0.5
82,353,6,100,even_discrete,0.125
83,7,2,50,even_discrete,0.5
84,238,6,100,lognormal,0.5
85,29,1,300,neglognormal,1
86,339,2,50,normal,0.125
87,310,6,50,lognormal,0.5
88,180,1,50,uneven_discrete,1
89,100,2,300,neglognormal,1
90,214,2,100,lognormal,0.125
91,178,3,50,neglognormal,0.125
92,23,6,100,normal,0.125
93,360,1,50,neglognormal,0.25
94,380,4,100,uniform,0.25
95,370,1,50,uniform,0.125
96,425,5,300,uniform,0.5
97,270,6,50,uniform,0.125
98,49,6,100,uneven_discrete,1
99,273,3,50,normal,0.25
100,294,5,300,lognormal,0.25
101,428,5,50,even_discrete,1
102,261,1,50,normal,0.5
103,134,4,300,normal,1
104,24,1,300,normal,0.5
105,329,4,100,lognormal,0.25
106,276,3,300,uneven_discrete,1
107,425,5,300,uniform,0.5
108,414,4,100,lognormal,0.5
109,252,1,100,lognormal,0.125
110,36,2,50,normal,0.25
111,10,1,50,uniform,0.25
112,149,2,50,uneven_discrete,0.25
113,80,3,100,uneven_discrete,0.25
114,135,3,50,lognormal,1
115,343,5,300,uneven_discrete,0.25
116,19,6,300,neglognormal,0.125
117,212,3,300,even_discrete,0.5
118,317,4,50,neglognormal,0.5
119,38,3,100,even_discrete,0.5
120,86,6,300,neglognormal,0.25
1,251,1,100,uniform,0.125
2,370,1,50,uniform,0.125
3,373,2,300,lognormal,0.5
4,339,2,50,normal,0.125
5,262,2,100,neglognormal,1
6,233,2,300,normal,1
7,403,3,100,normal,0.5
8,220,1,300,uneven_discrete,0.5
9,248,4,50,uniform,1
10,424,6,50,normal,0.25
11,422,6,300,uniform,0.25
12,214,2,100,lognormal,0.125
13,428,5,50,even_discrete,1
14,404,2,100,neglognormal,0.125
15,23,6,100,normal,0.125
16,57,6,300,lognormal,0.25
17,206,6,100,uneven_discrete,0.25
18,17,2,100,uneven_discrete,0.5
19,355,2,300,uniform,1
20,12,3,50,even_discrete,0.125
21,273,3,50,normal,0.25
22,214,2,100,lognormal,0.125
23,20,6,300,lognormal,0.5
24,408,5,300,neglognormal,0.25
25,271,3,300,neglognormal,1
26,50,4,50,even_discrete,1
27,137,6,300,normal,0.125
28,60,2,300,uneven_discrete,0.25
29,251,1,100,uniform,0.125
30,355,2,300,uniform,1
31,302,4,300,normal,0.25
32,145,4,100,normal,1
33,107,2,300,uniform,0.5
34,27,1,100,neglognormal,0.25
35,271,3,300,neglognormal,1
36,27,1,100,neglognormal,0.25
37,267,6,50,neglognormal,0.5
38,256,5,100,uneven_discrete,0.5
39,335,5,50,uneven_discrete,1
40,211,1,100,normal,0.5
41,92,5,50,neglognormal,0.5
42,305,4,100,uniform,0.5
43,20,6,300,lognormal,0.5
44,220,1,300,uneven_discrete,0.5
45,9,3,100,uneven_discrete,0.125
46,233,2,300,normal,1
47,206,6,100,uneven_discrete,0.25
48,214,2,100,lognormal,0.125
49,180,1,50,uneven_discrete,1
50,315,1,100,even_discrete,0.125
51,288,5,50,normal,1
52,59,6,50,neglognormal,0.25
53,317,4,50,neglognormal,0.5
54,345,5,50,even_discrete,0.25
55,406,1,300,even_discrete,0.25
56,424,6,50,normal,0.25
57,233,2,300,normal,1
58,362,1,100,uniform,1
59,252,1,100,lognormal,0.125
60,92,5,50,neglognormal,0.5
61,377,3,50,lognormal,0.125
62,262,2,100,neglognormal,1
63,273,3,50,normal,0.25
64,409,4,100,even_discrete,0.125
65,422,6,300,uniform,0.25
66,134,4,300,normal,1
67,23,6,100,normal,0.125
68,84,6,100,neglognormal,1
69,375,5,300,lognormal,0.125
70,248,4,50,uniform,1
71,317,4,50,neglognormal,0.5
72,57,6,300,lognormal,0.25
73,364,3,300,neglognormal,0.25
74,355,2,300,uniform,1
75,217,2,50,even_discrete,0.125
76,17,2,100,uneven_discrete,0.5
77,38,3,100,even_discrete,0.5
78,338,1,50,normal,0.25
79,288,5,50,normal,1
80,377,3,50,lognormal,0.125
81,94,6,300,neglognormal,1
82,305,4,100,uniform,0.5
83,59,6,50,neglognormal,0.25
84,147,1,50,uniform,0.5
85,377,3,50,lognormal,0.125
86,345,5,50,even_discrete,0.25
87,339,2,50,normal,0.125
88,403,3,100,normal,0.5
89,134,4,300,normal,1
90,305,4,100,uniform,0.5
91,107,2,300,uniform,0.5
92,355,2,300,uniform,1
93,335,5,50,uneven_discrete,1
94,135,3,50,lognormal,1
95,79,2,100,neglognormal,0.25
96,134,4,300,normal,1
97,24,1,300,normal,0.5
98,79,2,100,neglognormal,0.25
99,211,1,100,normal,0.5
100,271,3,300,neglognormal,1
101,343,5,300,uneven_discrete,0.25
102,214,2,100,lognormal,0.125
103,317,4,50,neglognormal,0.5
104,11,4,100,neglognormal,0.125
105,270,6,50,uniform,0.125
106,171,6,100,even_discrete,0.5
107,24,1,300,normal,0.5
108,156,2,50,uneven_discrete,0.5
109,326,3,100,even_discrete,0.25
110,11,4,100,neglognormal,0.125
111,305,4,100,uniform,0.5
112,171,6,100,even_discrete,0.5
113,171,6,100,even_discrete,0.5
114,54,6,100,even_discrete,1
115,387,4,300,lognormal,0.125
116,180,1,50,uneven_discrete,1
117,408,5,300,neglognormal,0.25
118,288,5,50,normal,1
119,40,3,100,normal,0.125
120,139,4,300,even_discrete,0.125
